{"uid":"4b4757e66a1912dae1a509f688f20b0f","name":"categories","children":[{"name":"Test defects","children":[{"name":"selenium.common.exceptions.NoSuchElementException: Message: An element could not be located on the page using the given search parameters.; For documentation on this error, please visit: https://www.selenium.dev/documentation/webdriver/troubleshooting/errors#nosuchelementexception\nStacktrace:\nNoSuchElementError: An element could not be located on the page using the given search parameters.\n    at AndroidUiautomator2Driver.findElOrEls (C:\\Program Files\\Appium\\resources\\app\\node_modules\\appium\\node_modules\\appium-android-driver\\lib\\commands\\find.js:75:11)","children":[{"name":"test_search_and_pair","uid":"12f0baae32e1c8f1","parentUid":"c456b69b6979b5a04d41a3e8923d21db","status":"broken","time":{"start":1758188133993,"stop":1758188144187,"duration":10194},"flaky":false,"newFailed":false,"newPassed":false,"newBroken":false,"retriesCount":1,"retriesStatusChange":false,"parameters":[],"tags":[]}],"uid":"c456b69b6979b5a04d41a3e8923d21db"}],"uid":"bdbf199525818fae7a8651db9eafe741"}]}