{"uid":"98d3104e051c652961429bf95fa0b5d6","name":"suites","children":[{"name":"ai_mate_tests.testsplan","children":[{"name":"test_search_and_pair","children":[{"name":"test_search_and_pair","uid":"12f0baae32e1c8f1","parentUid":"e75746c641913de3c74e23f14628b425","status":"broken","time":{"start":1758188133993,"stop":1758188144187,"duration":10194},"flaky":false,"newFailed":false,"newPassed":false,"newBroken":false,"retriesCount":1,"retriesStatusChange":false,"parameters":[],"tags":[]}],"uid":"e75746c641913de3c74e23f14628b425"}],"uid":"a19719d157d2dbf41a4a7036fecbd132"}]}