{"uid":"ab17fc5a4eb3bca4b216b548c7f9fcbc","name":"timeline","children":[{"name":"DESKTOP-TFDMFFN","children":[{"name":"39944-MainThread","children":[{"name":"test_search_and_pair","uid":"b4326f65d9bc7346","parentUid":"1adf83f37d19c104d65e308219bc5f08","status":"broken","time":{"start":1758185195952,"stop":1758185206140,"duration":10188},"flaky":false,"newFailed":false,"newPassed":false,"newBroken":false,"retriesCount":0,"retriesStatusChange":false,"parameters":[],"tags":[]}],"uid":"1adf83f37d19c104d65e308219bc5f08"},{"name":"37984-MainThread","children":[{"name":"test_search_and_pair","uid":"12f0baae32e1c8f1","parentUid":"2591fe11dc26181174ed85a4962d1050","status":"broken","time":{"start":1758188133993,"stop":1758188144187,"duration":10194},"flaky":false,"newFailed":false,"newPassed":false,"newBroken":false,"retriesCount":1,"retriesStatusChange":false,"parameters":[],"tags":[]}],"uid":"2591fe11dc26181174ed85a4962d1050"}],"uid":"0ad24200c8c5d956bf05e659fef56b79"}]}