{"uid":"83edc06c07f9ae9e47eb6dd1b683e4e2","name":"packages","children":[{"name":"ai_mate_tests.testsplan.test_search_and_pair","children":[{"name":"test_search_and_pair","uid":"12f0baae32e1c8f1","parentUid":"adf449c07135d65052e5ac6db7e313d6","status":"broken","time":{"start":1758188133993,"stop":1758188144187,"duration":10194},"flaky":false,"newFailed":false,"newPassed":false,"newBroken":false,"retriesCount":1,"retriesStatusChange":false,"parameters":[],"tags":[]}],"uid":"ai_mate_tests.testsplan.test_search_and_pair"}]}