{"uid":"98d3104e051c652961429bf95fa0b5d6","name":"suites","children":[{"name":"ai_mate_tests.testsplan","children":[{"name":"test_open_bluetooth","children":[{"name":"test_open_bluetooth","uid":"6c099b3f3b90804","parentUid":"369727501135ec60f608341417239588","status":"broken","time":{"start":1760759228023,"stop":1760759288713,"duration":60690},"flaky":false,"newFailed":false,"newPassed":false,"newBroken":false,"retriesCount":4,"retriesStatusChange":true,"parameters":[],"tags":[]}],"uid":"369727501135ec60f608341417239588"},{"name":"test_search_and_pair","children":[{"name":"test_search_and_pair","uid":"767fa87dbfb2e8f9","parentUid":"e75746c641913de3c74e23f14628b425","status":"failed","time":{"start":1760759300958,"stop":1760759340091,"duration":39133},"flaky":false,"newFailed":false,"newPassed":false,"newBroken":false,"retriesCount":10,"retriesStatusChange":true,"parameters":[],"tags":[]}],"uid":"e75746c641913de3c74e23f14628b425"}],"uid":"a19719d157d2dbf41a4a7036fecbd132"}]}