{"uid":"4b4757e66a1912dae1a509f688f20b0f","name":"categories","children":[{"name":"Test defects","children":[{"name":"selenium.common.exceptions.TimeoutException: Message: 等待条件超时","children":[{"name":"test_open_bluetooth","uid":"6c099b3f3b90804","parentUid":"4d41a5efa51709d494cf8a53eda14cda","status":"broken","time":{"start":1760759228023,"stop":1760759288713,"duration":60690},"flaky":false,"newFailed":false,"newPassed":false,"newBroken":false,"retriesCount":4,"retriesStatusChange":true,"parameters":[],"tags":[]}],"uid":"4d41a5efa51709d494cf8a53eda14cda"}],"uid":"bdbf199525818fae7a8651db9eafe741"},{"name":"Product defects","children":[{"name":"AssertionError: ❌ 配对失败，未检测到 '对话翻译' 页面\nassert False\n +  where False = is_paired_success(timeout=30)\n +    where is_paired_success = <ai_mate_tests.pages.device_page.DevicePage object at 0x0000017F9213CEC0>.is_paired_success","children":[{"name":"test_search_and_pair","uid":"767fa87dbfb2e8f9","parentUid":"0de1911c22cd7a6f9f854727f270cdb3","status":"failed","time":{"start":1760759300958,"stop":1760759340091,"duration":39133},"flaky":false,"newFailed":false,"newPassed":false,"newBroken":false,"retriesCount":10,"retriesStatusChange":true,"parameters":[],"tags":[]}],"uid":"0de1911c22cd7a6f9f854727f270cdb3"}],"uid":"8fb3a91ba5aaf9de24cc8a92edc82b5d"}]}