{"uid":"b1a8273437954620fa374b796ffaacdd","name":"behaviors","children":[{"name":"test_open_bluetooth","uid":"6c099b3f3b90804","parentUid":"b1a8273437954620fa374b796ffaacdd","status":"broken","time":{"start":1760759228023,"stop":1760759288713,"duration":60690},"flaky":false,"newFailed":false,"newPassed":false,"newBroken":false,"retriesCount":4,"retriesStatusChange":true,"parameters":[],"tags":[]},{"name":"test_search_and_pair","uid":"767fa87dbfb2e8f9","parentUid":"b1a8273437954620fa374b796ffaacdd","status":"failed","time":{"start":1760759300958,"stop":1760759340091,"duration":39133},"flaky":false,"newFailed":false,"newPassed":false,"newBroken":false,"retriesCount":10,"retriesStatusChange":true,"parameters":[],"tags":[]}]}