{"uid":"ab17fc5a4eb3bca4b216b548c7f9fcbc","name":"timeline","children":[{"name":"DESKTOP-TFDMFFN","children":[{"name":"67132-MainThread","children":[{"name":"test_search_and_pair","uid":"767fa87dbfb2e8f9","parentUid":"264d7ce9bf344ff972d8fc570c4e77c4","status":"failed","time":{"start":1760759300958,"stop":1760759340091,"duration":39133},"flaky":false,"newFailed":false,"newPassed":false,"newBroken":false,"retriesCount":10,"retriesStatusChange":true,"parameters":[],"tags":[]},{"name":"test_open_bluetooth","uid":"6c099b3f3b90804","parentUid":"264d7ce9bf344ff972d8fc570c4e77c4","status":"broken","time":{"start":1760759228023,"stop":1760759288713,"duration":60690},"flaky":false,"newFailed":false,"newPassed":false,"newBroken":false,"retriesCount":4,"retriesStatusChange":true,"parameters":[],"tags":[]}],"uid":"264d7ce9bf344ff972d8fc570c4e77c4"},{"name":"33640-MainThread","children":[{"name":"test_search_and_pair","uid":"50959b6d76f14b87","parentUid":"55173aa1856361889de4a85cf2d73c9d","status":"broken","time":{"start":1760606455604,"stop":1760606480342,"duration":24738},"flaky":false,"newFailed":false,"newPassed":false,"newBroken":false,"retriesCount":0,"retriesStatusChange":false,"parameters":[],"tags":[]},{"name":"test_open_bluetooth","uid":"3998d94c0eb0256e","parentUid":"55173aa1856361889de4a85cf2d73c9d","status":"passed","time":{"start":1760606394176,"stop":1760606443849,"duration":49673},"flaky":false,"newFailed":false,"newPassed":false,"newBroken":false,"retriesCount":0,"retriesStatusChange":false,"parameters":[],"tags":[]}],"uid":"55173aa1856361889de4a85cf2d73c9d"},{"name":"29856-MainThread","children":[{"name":"test_open_bluetooth","uid":"e4372e90cde0612","parentUid":"ccfd3f3875127248eecd77b11112246f","status":"passed","time":{"start":1760683063620,"stop":1760683112275,"duration":48655},"flaky":false,"newFailed":false,"newPassed":false,"newBroken":false,"retriesCount":0,"retriesStatusChange":false,"parameters":[],"tags":[]},{"name":"test_search_and_pair","uid":"409d1b6b559476b","parentUid":"ccfd3f3875127248eecd77b11112246f","status":"broken","time":{"start":1760683124038,"stop":1760683148315,"duration":24277},"flaky":false,"newFailed":false,"newPassed":false,"newBroken":false,"retriesCount":0,"retriesStatusChange":false,"parameters":[],"tags":[]}],"uid":"ccfd3f3875127248eecd77b11112246f"},{"name":"9644-MainThread","children":[{"name":"test_open_bluetooth","uid":"e57f9c1cbfc3aa93","parentUid":"de49d03820ac18a7a595eba0dc78bfd4","status":"passed","time":{"start":1760608018616,"stop":1760608075114,"duration":56498},"flaky":false,"newFailed":false,"newPassed":false,"newBroken":false,"retriesCount":0,"retriesStatusChange":false,"parameters":[],"tags":[]}],"uid":"de49d03820ac18a7a595eba0dc78bfd4"},{"name":"37800-MainThread","children":[{"name":"test_search_and_pair","uid":"cbd55f6dbb264eae","parentUid":"75c6836e2bd8ebcbe6ee704d84e432b3","status":"passed","time":{"start":1758503469464,"stop":1758503483938,"duration":14474},"flaky":false,"newFailed":false,"newPassed":false,"newBroken":false,"retriesCount":0,"retriesStatusChange":false,"parameters":[],"tags":[]}],"uid":"75c6836e2bd8ebcbe6ee704d84e432b3"},{"name":"21340-MainThread","children":[{"name":"test_search_and_pair","uid":"8a5fcb80568b8960","parentUid":"be4359b91832994f7a413147f53add48","status":"broken","time":{"start":1758503777217,"stop":1758503787356,"duration":10139},"flaky":false,"newFailed":false,"newPassed":false,"newBroken":false,"retriesCount":0,"retriesStatusChange":false,"parameters":[],"tags":[]}],"uid":"be4359b91832994f7a413147f53add48"},{"name":"37984-MainThread","children":[{"name":"test_search_and_pair","uid":"8ba70ed554d2cae","parentUid":"2591fe11dc26181174ed85a4962d1050","status":"broken","time":{"start":1758188133993,"stop":1758188144187,"duration":10194},"flaky":false,"newFailed":false,"newPassed":false,"newBroken":false,"retriesCount":0,"retriesStatusChange":false,"parameters":[],"tags":[]}],"uid":"2591fe11dc26181174ed85a4962d1050"},{"name":"23984-MainThread","children":[{"name":"test_search_and_pair","uid":"e6e22364b58c224","parentUid":"a3c3f0e245ba1629b7a854217ea7d42a","status":"passed","time":{"start":1758503858239,"stop":1758503866436,"duration":8197},"flaky":false,"newFailed":false,"newPassed":false,"newBroken":false,"retriesCount":0,"retriesStatusChange":false,"parameters":[],"tags":[]}],"uid":"a3c3f0e245ba1629b7a854217ea7d42a"},{"name":"472-MainThread","children":[{"name":"test_search_and_pair","uid":"c1713088eab25308","parentUid":"4fb56ea6151929336c4ec24b88e94095","status":"broken","time":{"start":1758503323721,"stop":1758503333876,"duration":10155},"flaky":false,"newFailed":false,"newPassed":false,"newBroken":false,"retriesCount":0,"retriesStatusChange":false,"parameters":[],"tags":[]}],"uid":"4fb56ea6151929336c4ec24b88e94095"},{"name":"39944-MainThread","children":[{"name":"test_search_and_pair","uid":"b472995e6726f9f8","parentUid":"1adf83f37d19c104d65e308219bc5f08","status":"broken","time":{"start":1758185195952,"stop":1758185206140,"duration":10188},"flaky":false,"newFailed":false,"newPassed":false,"newBroken":false,"retriesCount":0,"retriesStatusChange":false,"parameters":[],"tags":[]}],"uid":"1adf83f37d19c104d65e308219bc5f08"},{"name":"36680-MainThread","children":[{"name":"test_search_and_pair","uid":"24bcaca1ea6b9ea7","parentUid":"5fc23ec5c714c554fd630c406a3b176f","status":"broken","time":{"start":1758503700601,"stop":1758503710723,"duration":10122},"flaky":false,"newFailed":false,"newPassed":false,"newBroken":false,"retriesCount":0,"retriesStatusChange":false,"parameters":[],"tags":[]}],"uid":"5fc23ec5c714c554fd630c406a3b176f"},{"name":"45976-MainThread","children":[{"name":"test_search_and_pair","uid":"1d994aeb4e9d29f","parentUid":"316fa8b00c5ed9e1f7f3954a8ef06858","status":"broken","time":{"start":1758591894141,"stop":1758591918590,"duration":24449},"flaky":false,"newFailed":false,"newPassed":false,"newBroken":false,"retriesCount":0,"retriesStatusChange":false,"parameters":[],"tags":[]},{"name":"test_open_bluetooth","uid":"ef9f5f68d81d0e06","parentUid":"316fa8b00c5ed9e1f7f3954a8ef06858","status":"broken","time":{"start":1758591868966,"stop":1758591882801,"duration":13835},"flaky":false,"newFailed":false,"newPassed":false,"newBroken":false,"retriesCount":0,"retriesStatusChange":false,"parameters":[],"tags":[]}],"uid":"316fa8b00c5ed9e1f7f3954a8ef06858"}],"uid":"0ad24200c8c5d956bf05e659fef56b79"}]}