{"4160602f4b1603d970b22e8c04a0c1c0":{"statistic":{"failed":0,"broken":1,"skipped":0,"passed":0,"unknown":0,"total":1},"items":[{"uid":"6c099b3f3b90804","status":"broken","statusDetails":"selenium.common.exceptions.TimeoutException: Message: 等待条件超时","time":{"start":1760759228023,"stop":1760759288713,"duration":60690}}]},"faab467a4061b7a2c8c9e877864085b6":{"statistic":{"failed":1,"broken":0,"skipped":0,"passed":0,"unknown":0,"total":1},"items":[{"uid":"767fa87dbfb2e8f9","status":"failed","statusDetails":"AssertionError: ❌ 配对失败，未检测到 '对话翻译' 页面\nassert False\n +  where False = is_paired_success(timeout=30)\n +    where is_paired_success = <ai_mate_tests.pages.device_page.DevicePage object at 0x0000017F9213CEC0>.is_paired_success","time":{"start":1760759300958,"stop":1760759340091,"duration":39133}}]}}