{"uid":"b1a8273437954620fa374b796ffaacdd","name":"behaviors","children":[{"name":"test_open_bluetooth","uid":"3000062a8d571a1f","parentUid":"b1a8273437954620fa374b796ffaacdd","status":"passed","time":{"start":1760606394176,"stop":1760606443849,"duration":49673},"flaky":false,"newFailed":false,"newPassed":false,"newBroken":false,"retriesCount":1,"retriesStatusChange":true,"parameters":[],"tags":[]},{"name":"test_search_and_pair","uid":"a42b96ee27b7189","parentUid":"b1a8273437954620fa374b796ffaacdd","status":"broken","time":{"start":1760606455604,"stop":1760606480342,"duration":24738},"flaky":false,"newFailed":false,"newPassed":false,"newBroken":false,"retriesCount":8,"retriesStatusChange":true,"parameters":[],"tags":[]}]}