{"uid":"ab17fc5a4eb3bca4b216b548c7f9fcbc","name":"timeline","children":[{"name":"DESKTOP-TFDMFFN","children":[{"name":"21340-MainThread","children":[{"name":"test_search_and_pair","uid":"2a6c8bb0bb1ec1da","parentUid":"be4359b91832994f7a413147f53add48","status":"broken","time":{"start":1758503777217,"stop":1758503787356,"duration":10139},"flaky":false,"newFailed":false,"newPassed":false,"newBroken":false,"retriesCount":0,"retriesStatusChange":false,"parameters":[],"tags":[]}],"uid":"be4359b91832994f7a413147f53add48"},{"name":"33640-MainThread","children":[{"name":"test_search_and_pair","uid":"a42b96ee27b7189","parentUid":"55173aa1856361889de4a85cf2d73c9d","status":"broken","time":{"start":1760606455604,"stop":1760606480342,"duration":24738},"flaky":false,"newFailed":false,"newPassed":false,"newBroken":false,"retriesCount":8,"retriesStatusChange":true,"parameters":[],"tags":[]},{"name":"test_open_bluetooth","uid":"3000062a8d571a1f","parentUid":"55173aa1856361889de4a85cf2d73c9d","status":"passed","time":{"start":1760606394176,"stop":1760606443849,"duration":49673},"flaky":false,"newFailed":false,"newPassed":false,"newBroken":false,"retriesCount":1,"retriesStatusChange":true,"parameters":[],"tags":[]}],"uid":"55173aa1856361889de4a85cf2d73c9d"},{"name":"45976-MainThread","children":[{"name":"test_open_bluetooth","uid":"2eb810aa87021aea","parentUid":"316fa8b00c5ed9e1f7f3954a8ef06858","status":"broken","time":{"start":1758591868966,"stop":1758591882801,"duration":13835},"flaky":false,"newFailed":false,"newPassed":false,"newBroken":false,"retriesCount":0,"retriesStatusChange":false,"parameters":[],"tags":[]},{"name":"test_search_and_pair","uid":"237e044558fafcac","parentUid":"316fa8b00c5ed9e1f7f3954a8ef06858","status":"broken","time":{"start":1758591894141,"stop":1758591918590,"duration":24449},"flaky":false,"newFailed":false,"newPassed":false,"newBroken":false,"retriesCount":0,"retriesStatusChange":false,"parameters":[],"tags":[]}],"uid":"316fa8b00c5ed9e1f7f3954a8ef06858"},{"name":"23984-MainThread","children":[{"name":"test_search_and_pair","uid":"9867949e1a70b5aa","parentUid":"a3c3f0e245ba1629b7a854217ea7d42a","status":"passed","time":{"start":1758503858239,"stop":1758503866436,"duration":8197},"flaky":false,"newFailed":false,"newPassed":false,"newBroken":false,"retriesCount":0,"retriesStatusChange":false,"parameters":[],"tags":[]}],"uid":"a3c3f0e245ba1629b7a854217ea7d42a"},{"name":"472-MainThread","children":[{"name":"test_search_and_pair","uid":"b7eb7273b49634ec","parentUid":"4fb56ea6151929336c4ec24b88e94095","status":"broken","time":{"start":1758503323721,"stop":1758503333876,"duration":10155},"flaky":false,"newFailed":false,"newPassed":false,"newBroken":false,"retriesCount":0,"retriesStatusChange":false,"parameters":[],"tags":[]}],"uid":"4fb56ea6151929336c4ec24b88e94095"},{"name":"37984-MainThread","children":[{"name":"test_search_and_pair","uid":"ab1f6e7d96fb950c","parentUid":"2591fe11dc26181174ed85a4962d1050","status":"broken","time":{"start":1758188133993,"stop":1758188144187,"duration":10194},"flaky":false,"newFailed":false,"newPassed":false,"newBroken":false,"retriesCount":0,"retriesStatusChange":false,"parameters":[],"tags":[]}],"uid":"2591fe11dc26181174ed85a4962d1050"},{"name":"36680-MainThread","children":[{"name":"test_search_and_pair","uid":"27147555034012d3","parentUid":"5fc23ec5c714c554fd630c406a3b176f","status":"broken","time":{"start":1758503700601,"stop":1758503710723,"duration":10122},"flaky":false,"newFailed":false,"newPassed":false,"newBroken":false,"retriesCount":0,"retriesStatusChange":false,"parameters":[],"tags":[]}],"uid":"5fc23ec5c714c554fd630c406a3b176f"},{"name":"39944-MainThread","children":[{"name":"test_search_and_pair","uid":"3038ed38b87ceeb8","parentUid":"1adf83f37d19c104d65e308219bc5f08","status":"broken","time":{"start":1758185195952,"stop":1758185206140,"duration":10188},"flaky":false,"newFailed":false,"newPassed":false,"newBroken":false,"retriesCount":0,"retriesStatusChange":false,"parameters":[],"tags":[]}],"uid":"1adf83f37d19c104d65e308219bc5f08"},{"name":"37800-MainThread","children":[{"name":"test_search_and_pair","uid":"3bcf4b15777fe060","parentUid":"75c6836e2bd8ebcbe6ee704d84e432b3","status":"passed","time":{"start":1758503469464,"stop":1758503483938,"duration":14474},"flaky":false,"newFailed":false,"newPassed":false,"newBroken":false,"retriesCount":0,"retriesStatusChange":false,"parameters":[],"tags":[]}],"uid":"75c6836e2bd8ebcbe6ee704d84e432b3"}],"uid":"0ad24200c8c5d956bf05e659fef56b79"}]}