{"uid":"83edc06c07f9ae9e47eb6dd1b683e4e2","name":"packages","children":[{"name":"ai_mate_tests.testsplan","children":[{"name":"test_open_bluetooth","children":[{"name":"test_bluetooth_stability","uid":"826f14abe7d9a517","parentUid":"d7651d62bf8e068d4833281de44b6fa1","status":"passed","time":{"start":1761872718417,"stop":1761872744394,"duration":25977},"flaky":false,"newFailed":false,"newPassed":false,"newBroken":false,"retriesCount":2,"retriesStatusChange":false,"parameters":[],"tags":["bluetooth_test"]}],"uid":"d7651d62bf8e068d4833281de44b6fa1"},{"name":"test_search_and_pair","children":[{"name":"test_device_pairing_multi_device","uid":"8b780f7f556c59ab","parentUid":"adf449c07135d65052e5ac6db7e313d6","status":"broken","time":{"start":1761872772844,"stop":1761872805133,"duration":32289},"flaky":false,"newFailed":false,"newPassed":false,"newBroken":false,"retriesCount":0,"retriesStatusChange":false,"parameters":[],"tags":["pairing_test"]},{"name":"test_quick_pairing_multi_device","uid":"c6942c74f400f5a8","parentUid":"adf449c07135d65052e5ac6db7e313d6","status":"failed","time":{"start":1761872832130,"stop":1761872897364,"duration":65234},"flaky":false,"newFailed":false,"newPassed":false,"newBroken":false,"retriesCount":0,"retriesStatusChange":false,"parameters":[],"tags":[]}],"uid":"adf449c07135d65052e5ac6db7e313d6"}],"uid":"ai_mate_tests.testsplan"}]}