{"uid":"b1a8273437954620fa374b796ffaacdd","name":"behaviors","children":[{"name":"test_bluetooth_stability","uid":"826f14abe7d9a517","parentUid":"b1a8273437954620fa374b796ffaacdd","status":"passed","time":{"start":1761872718417,"stop":1761872744394,"duration":25977},"flaky":false,"newFailed":false,"newPassed":false,"newBroken":false,"retriesCount":2,"retriesStatusChange":false,"parameters":[],"tags":["bluetooth_test"]},{"name":"test_device_pairing_multi_device","uid":"8b780f7f556c59ab","parentUid":"b1a8273437954620fa374b796ffaacdd","status":"broken","time":{"start":1761872772844,"stop":1761872805133,"duration":32289},"flaky":false,"newFailed":false,"newPassed":false,"newBroken":false,"retriesCount":0,"retriesStatusChange":false,"parameters":[],"tags":["pairing_test"]},{"name":"test_quick_pairing_multi_device","uid":"c6942c74f400f5a8","parentUid":"b1a8273437954620fa374b796ffaacdd","status":"failed","time":{"start":1761872832130,"stop":1761872897364,"duration":65234},"flaky":false,"newFailed":false,"newPassed":false,"newBroken":false,"retriesCount":0,"retriesStatusChange":false,"parameters":[],"tags":[]}]}