{"uid":"ab17fc5a4eb3bca4b216b548c7f9fcbc","name":"timeline","children":[{"name":"DESKTOP-TFDMFFN","children":[{"name":"20420-MainThread","children":[{"name":"test_quick_pairing_multi_device","uid":"c6942c74f400f5a8","parentUid":"b6c24ecfcad0e84d1f0ab9311cdc5dfb","status":"failed","time":{"start":1761872832130,"stop":1761872897364,"duration":65234},"flaky":false,"newFailed":false,"newPassed":false,"newBroken":false,"retriesCount":0,"retriesStatusChange":false,"parameters":[],"tags":[]},{"name":"test_bluetooth_stability","uid":"826f14abe7d9a517","parentUid":"b6c24ecfcad0e84d1f0ab9311cdc5dfb","status":"passed","time":{"start":1761872718417,"stop":1761872744394,"duration":25977},"flaky":false,"newFailed":false,"newPassed":false,"newBroken":false,"retriesCount":2,"retriesStatusChange":false,"parameters":[],"tags":["bluetooth_test"]},{"name":"test_device_pairing_multi_device","uid":"8b780f7f556c59ab","parentUid":"b6c24ecfcad0e84d1f0ab9311cdc5dfb","status":"broken","time":{"start":1761872772844,"stop":1761872805133,"duration":32289},"flaky":false,"newFailed":false,"newPassed":false,"newBroken":false,"retriesCount":0,"retriesStatusChange":false,"parameters":[],"tags":["pairing_test"]}],"uid":"b6c24ecfcad0e84d1f0ab9311cdc5dfb"},{"name":"39988-MainThread","children":[{"name":"test_bluetooth_stability","uid":"9b783284756f380b","parentUid":"349bf43c99d67e7a7577f1589d4261af","status":"passed","time":{"start":1761872628396,"stop":1761872655727,"duration":27331},"flaky":false,"newFailed":false,"newPassed":false,"newBroken":false,"retriesCount":0,"retriesStatusChange":false,"parameters":[],"tags":["bluetooth_test"]}],"uid":"349bf43c99d67e7a7577f1589d4261af"},{"name":"20864-MainThread","children":[{"name":"test_bluetooth_stability","uid":"f2c78f515e6f9775","parentUid":"61bb974a3aeadd00e1f9427bcd88c426","status":"passed","time":{"start":1761872001824,"stop":1761872029305,"duration":27481},"flaky":false,"newFailed":false,"newPassed":false,"newBroken":false,"retriesCount":0,"retriesStatusChange":false,"parameters":[],"tags":["bluetooth_test"]}],"uid":"61bb974a3aeadd00e1f9427bcd88c426"}],"uid":"0ad24200c8c5d956bf05e659fef56b79"}]}