{"uid":"98d3104e051c652961429bf95fa0b5d6","name":"suites","children":[{"name":"ai_mate_tests.testsplan","children":[{"name":"test_open_bluetooth","children":[{"name":"test_bluetooth_stability","uid":"826f14abe7d9a517","parentUid":"369727501135ec60f608341417239588","status":"passed","time":{"start":1761872718417,"stop":1761872744394,"duration":25977},"flaky":false,"newFailed":false,"newPassed":false,"newBroken":false,"retriesCount":2,"retriesStatusChange":false,"parameters":[],"tags":["bluetooth_test"]}],"uid":"369727501135ec60f608341417239588"},{"name":"test_search_and_pair","children":[{"name":"test_device_pairing_multi_device","uid":"8b780f7f556c59ab","parentUid":"e75746c641913de3c74e23f14628b425","status":"broken","time":{"start":1761872772844,"stop":1761872805133,"duration":32289},"flaky":false,"newFailed":false,"newPassed":false,"newBroken":false,"retriesCount":0,"retriesStatusChange":false,"parameters":[],"tags":["pairing_test"]},{"name":"test_quick_pairing_multi_device","uid":"c6942c74f400f5a8","parentUid":"e75746c641913de3c74e23f14628b425","status":"failed","time":{"start":1761872832130,"stop":1761872897364,"duration":65234},"flaky":false,"newFailed":false,"newPassed":false,"newBroken":false,"retriesCount":0,"retriesStatusChange":false,"parameters":[],"tags":[]}],"uid":"e75746c641913de3c74e23f14628b425"}],"uid":"a19719d157d2dbf41a4a7036fecbd132"}]}