{"e5df1566ac8e46621c543216b4fa6b78":{"statistic":{"failed":0,"broken":0,"skipped":0,"passed":1,"unknown":0,"total":1},"items":[{"uid":"826f14abe7d9a517","status":"passed","time":{"start":1761872718417,"stop":1761872744394,"duration":25977}}]},"12933beb0eefa3d22e04cb2866865a99":{"statistic":{"failed":1,"broken":0,"skipped":0,"passed":0,"unknown":0,"total":1},"items":[{"uid":"c6942c74f400f5a8","status":"failed","statusDetails":"Failed: 快速测试失败设备: device1, device2","time":{"start":1761872832130,"stop":1761872897364,"duration":65234}}]},"242d2332d267b50f121cdb0dcf70c76e":{"statistic":{"failed":0,"broken":1,"skipped":0,"passed":0,"unknown":0,"total":1},"items":[{"uid":"8b780f7f556c59ab","status":"broken","statusDetails":"RuntimeError: device2 测试失败: Message: An element could not be located on the page using the given search parameters.; For documentation on this error, please visit: https://www.selenium.dev/documentation/webdriver/troubleshooting/errors#nosuchelementexception\nStacktrace:\nNoSuchElementError: An element could not be located on the page using the given search parameters.\n    at AndroidUiautomator2Driver.findElOrEls (C:\\Program Files\\Appium\\resources\\app\\node_modules\\appium\\node_modules\\appium-android-driver\\lib\\commands\\find.js:75:11)","time":{"start":1761872772844,"stop":1761872805133,"duration":32289}}]}}