[{"uid":"826f14abe7d9a517","name":"test_bluetooth_stability","time":{"start":1761872718417,"stop":1761872744394,"duration":25977},"status":"passed","severity":"normal"},{"uid":"8b780f7f556c59ab","name":"test_device_pairing_multi_device","time":{"start":1761872772844,"stop":1761872805133,"duration":32289},"status":"broken","severity":"normal"},{"uid":"c6942c74f400f5a8","name":"test_quick_pairing_multi_device","time":{"start":1761872832130,"stop":1761872897364,"duration":65234},"status":"failed","severity":"normal"}]