{"uid":"b1a8273437954620fa374b796ffaacdd","name":"behaviors","children":[{"name":"test_search_and_pair","uid":"7b5e0bcc9a8b2753","parentUid":"b1a8273437954620fa374b796ffaacdd","status":"broken","time":{"start":1760606455604,"stop":1760606480342,"duration":24738},"flaky":false,"newFailed":false,"newPassed":false,"newBroken":false,"retriesCount":8,"retriesStatusChange":true,"parameters":[],"tags":[]},{"name":"test_open_bluetooth","uid":"eec9fe7524ec4976","parentUid":"b1a8273437954620fa374b796ffaacdd","status":"passed","time":{"start":1760608018616,"stop":1760608075114,"duration":56498},"flaky":false,"newFailed":false,"newPassed":false,"newBroken":false,"retriesCount":2,"retriesStatusChange":true,"parameters":[],"tags":[]}]}