{"uid":"98d3104e051c652961429bf95fa0b5d6","name":"suites","children":[{"name":"ai_mate_tests.testsplan","children":[{"name":"test_search_and_pair","children":[{"name":"test_search_and_pair","uid":"7b5e0bcc9a8b2753","parentUid":"e75746c641913de3c74e23f14628b425","status":"broken","time":{"start":1760606455604,"stop":1760606480342,"duration":24738},"flaky":false,"newFailed":false,"newPassed":false,"newBroken":false,"retriesCount":8,"retriesStatusChange":true,"parameters":[],"tags":[]}],"uid":"e75746c641913de3c74e23f14628b425"},{"name":"test_open_bluetooth","children":[{"name":"test_open_bluetooth","uid":"eec9fe7524ec4976","parentUid":"369727501135ec60f608341417239588","status":"passed","time":{"start":1760608018616,"stop":1760608075114,"duration":56498},"flaky":false,"newFailed":false,"newPassed":false,"newBroken":false,"retriesCount":2,"retriesStatusChange":true,"parameters":[],"tags":[]}],"uid":"369727501135ec60f608341417239588"}],"uid":"a19719d157d2dbf41a4a7036fecbd132"}]}