{"uid":"83edc06c07f9ae9e47eb6dd1b683e4e2","name":"packages","children":[{"name":"ai_mate_tests.testsplan","children":[{"name":"test_search_and_pair","children":[{"name":"test_search_and_pair","uid":"7b5e0bcc9a8b2753","parentUid":"adf449c07135d65052e5ac6db7e313d6","status":"broken","time":{"start":1760606455604,"stop":1760606480342,"duration":24738},"flaky":false,"newFailed":false,"newPassed":false,"newBroken":false,"retriesCount":8,"retriesStatusChange":true,"parameters":[],"tags":[]}],"uid":"adf449c07135d65052e5ac6db7e313d6"},{"name":"test_open_bluetooth","children":[{"name":"test_open_bluetooth","uid":"eec9fe7524ec4976","parentUid":"d7651d62bf8e068d4833281de44b6fa1","status":"passed","time":{"start":1760608018616,"stop":1760608075114,"duration":56498},"flaky":false,"newFailed":false,"newPassed":false,"newBroken":false,"retriesCount":2,"retriesStatusChange":true,"parameters":[],"tags":[]}],"uid":"d7651d62bf8e068d4833281de44b6fa1"}],"uid":"ai_mate_tests.testsplan"}]}