{"uid":"98d3104e051c652961429bf95fa0b5d6","name":"suites","children":[{"name":"ai_mate_tests.testsplan","children":[{"name":"test_open_bluetooth","children":[{"name":"test_bluetooth_stability","uid":"a0f301411b985a6f","parentUid":"369727501135ec60f608341417239588","status":"passed","time":{"start":1761014894902,"stop":1761014919446,"duration":24544},"flaky":false,"newFailed":false,"newPassed":false,"newBroken":false,"retriesCount":1,"retriesStatusChange":true,"parameters":[],"tags":["bluetooth_test"]},{"name":"test_bluetooth_quick_multi_device","uid":"d1631f666780f42b","parentUid":"369727501135ec60f608341417239588","status":"passed","time":{"start":1761014942976,"stop":1761014983050,"duration":40074},"flaky":false,"newFailed":false,"newPassed":false,"newBroken":false,"retriesCount":1,"retriesStatusChange":false,"parameters":[],"tags":[]}],"uid":"369727501135ec60f608341417239588"},{"name":"test_search_and_pair","children":[{"name":"test_device_pairing_multi_device","uid":"d0226b00b53bd879","parentUid":"e75746c641913de3c74e23f14628b425","status":"broken","time":{"start":1761015008383,"stop":1761015051927,"duration":43544},"flaky":false,"newFailed":false,"newPassed":false,"newBroken":false,"retriesCount":1,"retriesStatusChange":true,"parameters":[],"tags":["pairing_test"]},{"name":"test_quick_pairing_multi_device","uid":"a49e7bfb31e8379a","parentUid":"e75746c641913de3c74e23f14628b425","status":"failed","time":{"start":1761015078963,"stop":1761015165977,"duration":87014},"flaky":false,"newFailed":false,"newPassed":false,"newBroken":false,"retriesCount":1,"retriesStatusChange":true,"parameters":[],"tags":[]}],"uid":"e75746c641913de3c74e23f14628b425"}],"uid":"a19719d157d2dbf41a4a7036fecbd132"}]}