[{"uid":"a49e7bfb31e8379a","name":"test_quick_pairing_multi_device","time":{"start":1761015078963,"stop":1761015165977,"duration":87014},"status":"failed","severity":"normal"},{"uid":"d1631f666780f42b","name":"test_bluetooth_quick_multi_device","time":{"start":1761014942976,"stop":1761014983050,"duration":40074},"status":"passed","severity":"normal"},{"uid":"d0226b00b53bd879","name":"test_device_pairing_multi_device","time":{"start":1761015008383,"stop":1761015051927,"duration":43544},"status":"broken","severity":"normal"},{"uid":"a0f301411b985a6f","name":"test_bluetooth_stability","time":{"start":1761014894902,"stop":1761014919446,"duration":24544},"status":"passed","severity":"normal"}]