{"uid":"ab17fc5a4eb3bca4b216b548c7f9fcbc","name":"timeline","children":[{"name":"DESKTOP-TFDMFFN","children":[{"name":"50748-MainThread","children":[{"name":"test_quick_pairing_multi_device","uid":"439f4e4b37eb77","parentUid":"199a7749bdd8f49c818408926fd9f523","status":"skipped","time":{"start":1761013674936,"stop":1761013720240,"duration":45304},"flaky":false,"newFailed":false,"newPassed":false,"newBroken":false,"retriesCount":0,"retriesStatusChange":false,"parameters":[],"tags":[]},{"name":"test_device_pairing_multi_device","uid":"e1b4118e47a5f3c7","parentUid":"199a7749bdd8f49c818408926fd9f523","status":"skipped","time":{"start":1761013627315,"stop":1761013649712,"duration":22397},"flaky":false,"newFailed":false,"newPassed":false,"newBroken":false,"retriesCount":0,"retriesStatusChange":false,"parameters":[],"tags":["pairing_test"]},{"name":"test_bluetooth_quick_multi_device","uid":"97ca12e1118ad40a","parentUid":"199a7749bdd8f49c818408926fd9f523","status":"passed","time":{"start":1761013572947,"stop":1761013601617,"duration":28670},"flaky":false,"newFailed":false,"newPassed":false,"newBroken":false,"retriesCount":0,"retriesStatusChange":false,"parameters":[],"tags":[]},{"name":"test_bluetooth_stability","uid":"90d7e61a8c0f9bdf","parentUid":"199a7749bdd8f49c818408926fd9f523","status":"skipped","time":{"start":1761013537865,"stop":1761013550430,"duration":12565},"flaky":false,"newFailed":false,"newPassed":false,"newBroken":false,"retriesCount":0,"retriesStatusChange":false,"parameters":[],"tags":["bluetooth_test"]}],"uid":"199a7749bdd8f49c818408926fd9f523"}],"uid":"0ad24200c8c5d956bf05e659fef56b79"}]}