{"uid":"98d3104e051c652961429bf95fa0b5d6","name":"suites","children":[{"name":"ai_mate_tests.testsplan","children":[{"name":"test_open_bluetooth","children":[{"name":"test_bluetooth_stability","uid":"90d7e61a8c0f9bdf","parentUid":"369727501135ec60f608341417239588","status":"skipped","time":{"start":1761013537865,"stop":1761013550430,"duration":12565},"flaky":false,"newFailed":false,"newPassed":false,"newBroken":false,"retriesCount":0,"retriesStatusChange":false,"parameters":[],"tags":["bluetooth_test"]},{"name":"test_bluetooth_quick_multi_device","uid":"97ca12e1118ad40a","parentUid":"369727501135ec60f608341417239588","status":"passed","time":{"start":1761013572947,"stop":1761013601617,"duration":28670},"flaky":false,"newFailed":false,"newPassed":false,"newBroken":false,"retriesCount":0,"retriesStatusChange":false,"parameters":[],"tags":[]}],"uid":"369727501135ec60f608341417239588"},{"name":"test_search_and_pair","children":[{"name":"test_device_pairing_multi_device","uid":"e1b4118e47a5f3c7","parentUid":"e75746c641913de3c74e23f14628b425","status":"skipped","time":{"start":1761013627315,"stop":1761013649712,"duration":22397},"flaky":false,"newFailed":false,"newPassed":false,"newBroken":false,"retriesCount":0,"retriesStatusChange":false,"parameters":[],"tags":["pairing_test"]},{"name":"test_quick_pairing_multi_device","uid":"439f4e4b37eb77","parentUid":"e75746c641913de3c74e23f14628b425","status":"skipped","time":{"start":1761013674936,"stop":1761013720240,"duration":45304},"flaky":false,"newFailed":false,"newPassed":false,"newBroken":false,"retriesCount":0,"retriesStatusChange":false,"parameters":[],"tags":[]}],"uid":"e75746c641913de3c74e23f14628b425"}],"uid":"a19719d157d2dbf41a4a7036fecbd132"}]}