{"uid":"83edc06c07f9ae9e47eb6dd1b683e4e2","name":"packages","children":[{"name":"ai_mate_tests.testsplan","children":[{"name":"test_open_bluetooth","children":[{"name":"test_bluetooth_stability","uid":"90d7e61a8c0f9bdf","parentUid":"d7651d62bf8e068d4833281de44b6fa1","status":"skipped","time":{"start":1761013537865,"stop":1761013550430,"duration":12565},"flaky":false,"newFailed":false,"newPassed":false,"newBroken":false,"retriesCount":0,"retriesStatusChange":false,"parameters":[],"tags":["bluetooth_test"]},{"name":"test_bluetooth_quick_multi_device","uid":"97ca12e1118ad40a","parentUid":"d7651d62bf8e068d4833281de44b6fa1","status":"passed","time":{"start":1761013572947,"stop":1761013601617,"duration":28670},"flaky":false,"newFailed":false,"newPassed":false,"newBroken":false,"retriesCount":0,"retriesStatusChange":false,"parameters":[],"tags":[]}],"uid":"d7651d62bf8e068d4833281de44b6fa1"},{"name":"test_search_and_pair","children":[{"name":"test_device_pairing_multi_device","uid":"e1b4118e47a5f3c7","parentUid":"adf449c07135d65052e5ac6db7e313d6","status":"skipped","time":{"start":1761013627315,"stop":1761013649712,"duration":22397},"flaky":false,"newFailed":false,"newPassed":false,"newBroken":false,"retriesCount":0,"retriesStatusChange":false,"parameters":[],"tags":["pairing_test"]},{"name":"test_quick_pairing_multi_device","uid":"439f4e4b37eb77","parentUid":"adf449c07135d65052e5ac6db7e313d6","status":"skipped","time":{"start":1761013674936,"stop":1761013720240,"duration":45304},"flaky":false,"newFailed":false,"newPassed":false,"newBroken":false,"retriesCount":0,"retriesStatusChange":false,"parameters":[],"tags":[]}],"uid":"adf449c07135d65052e5ac6db7e313d6"}],"uid":"ai_mate_tests.testsplan"}]}