{"12933beb0eefa3d22e04cb2866865a99":{"statistic":{"failed":0,"broken":0,"skipped":1,"passed":0,"unknown":0,"total":1},"items":[{"uid":"439f4e4b37eb77","status":"skipped","statusDetails":"XFAIL 快速配对失败设备: device1, device2\n\n_pytest.outcomes.XFailed: 快速配对失败设备: device1, device2","time":{"start":1761013674936,"stop":1761013720240,"duration":45304}}]},"4e02584dc33ad3e8c9b25559a65aa977":{"statistic":{"failed":0,"broken":0,"skipped":0,"passed":1,"unknown":0,"total":1},"items":[{"uid":"97ca12e1118ad40a","status":"passed","time":{"start":1761013572947,"stop":1761013601617,"duration":28670}}]},"e5df1566ac8e46621c543216b4fa6b78":{"statistic":{"failed":0,"broken":0,"skipped":1,"passed":0,"unknown":0,"total":1},"items":[{"uid":"90d7e61a8c0f9bdf","status":"skipped","statusDetails":"XFAIL 部分设备测试失败: device2\n\n_pytest.outcomes.XFailed: 部分设备测试失败: device2","time":{"start":1761013537865,"stop":1761013550430,"duration":12565}}]},"242d2332d267b50f121cdb0dcf70c76e":{"statistic":{"failed":0,"broken":0,"skipped":1,"passed":0,"unknown":0,"total":1},"items":[{"uid":"e1b4118e47a5f3c7","status":"skipped","statusDetails":"XFAIL 部分设备配对失败: device2, device1\n\n_pytest.outcomes.XFailed: 部分设备配对失败: device2, device1","time":{"start":1761013627315,"stop":1761013649712,"duration":22397}}]}}