[{"uid":"e1b4118e47a5f3c7","name":"test_device_pairing_multi_device","time":{"start":1761013627315,"stop":1761013649712,"duration":22397},"status":"skipped","severity":"normal"},{"uid":"90d7e61a8c0f9bdf","name":"test_bluetooth_stability","time":{"start":1761013537865,"stop":1761013550430,"duration":12565},"status":"skipped","severity":"normal"},{"uid":"97ca12e1118ad40a","name":"test_bluetooth_quick_multi_device","time":{"start":1761013572947,"stop":1761013601617,"duration":28670},"status":"passed","severity":"normal"},{"uid":"439f4e4b37eb77","name":"test_quick_pairing_multi_device","time":{"start":1761013674936,"stop":1761013720240,"duration":45304},"status":"skipped","severity":"normal"}]