{"uid":"ab17fc5a4eb3bca4b216b548c7f9fcbc","name":"timeline","children":[{"name":"DESKTOP-TFDMFFN","children":[{"name":"10432-MainThread","children":[{"name":"test_quick_pairing_multi_device","uid":"8824b50209129056","parentUid":"a61315b1852b67bfff9ca054fcbd83b5","status":"failed","time":{"start":1761015078963,"stop":1761015165977,"duration":87014},"flaky":false,"newFailed":false,"newPassed":false,"newBroken":false,"retriesCount":1,"retriesStatusChange":true,"parameters":[],"tags":[]},{"name":"test_device_pairing_multi_device","uid":"65e2c75a793cd050","parentUid":"a61315b1852b67bfff9ca054fcbd83b5","status":"broken","time":{"start":1761015008383,"stop":1761015051927,"duration":43544},"flaky":false,"newFailed":false,"newPassed":false,"newBroken":false,"retriesCount":1,"retriesStatusChange":true,"parameters":[],"tags":["pairing_test"]},{"name":"test_bluetooth_stability","uid":"defc22d0316bb70d","parentUid":"a61315b1852b67bfff9ca054fcbd83b5","status":"passed","time":{"start":1761014894902,"stop":1761014919446,"duration":24544},"flaky":false,"newFailed":false,"newPassed":false,"newBroken":false,"retriesCount":0,"retriesStatusChange":false,"parameters":[],"tags":["bluetooth_test"]},{"name":"test_bluetooth_quick_multi_device","uid":"f1308368fd9bc2bd","parentUid":"a61315b1852b67bfff9ca054fcbd83b5","status":"passed","time":{"start":1761014942976,"stop":1761014983050,"duration":40074},"flaky":false,"newFailed":false,"newPassed":false,"newBroken":false,"retriesCount":1,"retriesStatusChange":false,"parameters":[],"tags":[]}],"uid":"a61315b1852b67bfff9ca054fcbd83b5"},{"name":"73516-MainThread","children":[{"name":"test_bluetooth_stability","uid":"a0cb5bc14bab8395","parentUid":"bb52a4c1c9822ebef87fda3596d27a1c","status":"passed","time":{"start":1761871158697,"stop":1761871184380,"duration":25683},"flaky":false,"newFailed":false,"newPassed":false,"newBroken":false,"retriesCount":0,"retriesStatusChange":false,"parameters":[],"tags":["bluetooth_test"]}],"uid":"bb52a4c1c9822ebef87fda3596d27a1c"},{"name":"50748-MainThread","children":[{"name":"test_device_pairing_multi_device","uid":"3e8a34b31e3b23d","parentUid":"199a7749bdd8f49c818408926fd9f523","status":"skipped","time":{"start":1761013627315,"stop":1761013649712,"duration":22397},"flaky":false,"newFailed":false,"newPassed":false,"newBroken":false,"retriesCount":0,"retriesStatusChange":false,"parameters":[],"tags":["pairing_test"]},{"name":"test_bluetooth_stability","uid":"d651417704784bdb","parentUid":"199a7749bdd8f49c818408926fd9f523","status":"skipped","time":{"start":1761013537865,"stop":1761013550430,"duration":12565},"flaky":false,"newFailed":false,"newPassed":false,"newBroken":false,"retriesCount":0,"retriesStatusChange":false,"parameters":[],"tags":["bluetooth_test"]},{"name":"test_quick_pairing_multi_device","uid":"579fa11a23a87220","parentUid":"199a7749bdd8f49c818408926fd9f523","status":"skipped","time":{"start":1761013674936,"stop":1761013720240,"duration":45304},"flaky":false,"newFailed":false,"newPassed":false,"newBroken":false,"retriesCount":0,"retriesStatusChange":false,"parameters":[],"tags":[]},{"name":"test_bluetooth_quick_multi_device","uid":"e765ed7b9340936f","parentUid":"199a7749bdd8f49c818408926fd9f523","status":"passed","time":{"start":1761013572947,"stop":1761013601617,"duration":28670},"flaky":false,"newFailed":false,"newPassed":false,"newBroken":false,"retriesCount":0,"retriesStatusChange":false,"parameters":[],"tags":[]}],"uid":"199a7749bdd8f49c818408926fd9f523"},{"name":"37680-MainThread","children":[{"name":"test_bluetooth_stability","uid":"e3833bbfb097e480","parentUid":"c2a2761559d06f4e927ad16ee6c8f6cb","status":"passed","time":{"start":1761871450825,"stop":1761871478687,"duration":27862},"flaky":false,"newFailed":false,"newPassed":false,"newBroken":false,"retriesCount":3,"retriesStatusChange":true,"parameters":[],"tags":["bluetooth_test"]}],"uid":"c2a2761559d06f4e927ad16ee6c8f6cb"}],"uid":"0ad24200c8c5d956bf05e659fef56b79"}]}