{"uid":"b1a8273437954620fa374b796ffaacdd","name":"behaviors","children":[{"name":"test_bluetooth_quick_multi_device","uid":"f1308368fd9bc2bd","parentUid":"b1a8273437954620fa374b796ffaacdd","status":"passed","time":{"start":1761014942976,"stop":1761014983050,"duration":40074},"flaky":false,"newFailed":false,"newPassed":false,"newBroken":false,"retriesCount":1,"retriesStatusChange":false,"parameters":[],"tags":[]},{"name":"test_device_pairing_multi_device","uid":"65e2c75a793cd050","parentUid":"b1a8273437954620fa374b796ffaacdd","status":"broken","time":{"start":1761015008383,"stop":1761015051927,"duration":43544},"flaky":false,"newFailed":false,"newPassed":false,"newBroken":false,"retriesCount":1,"retriesStatusChange":true,"parameters":[],"tags":["pairing_test"]},{"name":"test_quick_pairing_multi_device","uid":"8824b50209129056","parentUid":"b1a8273437954620fa374b796ffaacdd","status":"failed","time":{"start":1761015078963,"stop":1761015165977,"duration":87014},"flaky":false,"newFailed":false,"newPassed":false,"newBroken":false,"retriesCount":1,"retriesStatusChange":true,"parameters":[],"tags":[]},{"name":"test_bluetooth_stability","uid":"e3833bbfb097e480","parentUid":"b1a8273437954620fa374b796ffaacdd","status":"passed","time":{"start":1761871450825,"stop":1761871478687,"duration":27862},"flaky":false,"newFailed":false,"newPassed":false,"newBroken":false,"retriesCount":3,"retriesStatusChange":true,"parameters":[],"tags":["bluetooth_test"]}]}