[{"uid":"f1308368fd9bc2bd","name":"test_bluetooth_quick_multi_device","time":{"start":1761014942976,"stop":1761014983050,"duration":40074},"status":"passed","severity":"normal"},{"uid":"e3833bbfb097e480","name":"test_bluetooth_stability","time":{"start":1761871450825,"stop":1761871478687,"duration":27862},"status":"passed","severity":"normal"},{"uid":"8824b50209129056","name":"test_quick_pairing_multi_device","time":{"start":1761015078963,"stop":1761015165977,"duration":87014},"status":"failed","severity":"normal"},{"uid":"65e2c75a793cd050","name":"test_device_pairing_multi_device","time":{"start":1761015008383,"stop":1761015051927,"duration":43544},"status":"broken","severity":"normal"}]