{"uid":"98d3104e051c652961429bf95fa0b5d6","children":[{"name":"ai_mate_tests.testsplan","children":[{"name":"test_open_bluetooth","children":[{"name":"test_open_bluetooth","uid":"bc8029351645a7c1","parentUid":"369727501135ec60f608341417239588","status":"passed","time":{"start":1760683063620,"stop":1760683112275,"duration":48655},"flaky":false,"newFailed":false,"newPassed":false,"newBroken":false,"retriesCount":3,"retriesStatusChange":true,"parameters":[],"tags":[]}],"uid":"369727501135ec60f608341417239588"},{"name":"test_search_and_pair","children":[{"name":"test_search_and_pair","uid":"e35d3be95c7835a9","parentUid":"e75746c641913de3c74e23f14628b425","status":"broken","time":{"start":1760683124038,"stop":1760683148315,"duration":24277},"flaky":false,"newFailed":false,"newPassed":false,"newBroken":false,"retriesCount":9,"retriesStatusChange":true,"parameters":[],"tags":[]}],"uid":"e75746c641913de3c74e23f14628b425"}],"uid":"a19719d157d2dbf41a4a7036fecbd132"}],"name":"suites"}