{"uid":"83edc06c07f9ae9e47eb6dd1b683e4e2","children":[{"name":"ai_mate_tests.testsplan","children":[{"name":"test_open_bluetooth","children":[{"name":"test_open_bluetooth","uid":"bc8029351645a7c1","parentUid":"d7651d62bf8e068d4833281de44b6fa1","status":"passed","time":{"start":1760683063620,"stop":1760683112275,"duration":48655},"flaky":false,"newFailed":false,"newPassed":false,"newBroken":false,"retriesCount":3,"retriesStatusChange":true,"parameters":[],"tags":[]}],"uid":"d7651d62bf8e068d4833281de44b6fa1"},{"name":"test_search_and_pair","children":[{"name":"test_search_and_pair","uid":"e35d3be95c7835a9","parentUid":"adf449c07135d65052e5ac6db7e313d6","status":"broken","time":{"start":1760683124038,"stop":1760683148315,"duration":24277},"flaky":false,"newFailed":false,"newPassed":false,"newBroken":false,"retriesCount":9,"retriesStatusChange":true,"parameters":[],"tags":[]}],"uid":"adf449c07135d65052e5ac6db7e313d6"}],"uid":"ai_mate_tests.testsplan"}],"name":"packages"}