{"uid":"b1a8273437954620fa374b796ffaacdd","children":[{"name":"test_open_bluetooth","uid":"bc8029351645a7c1","parentUid":"b1a8273437954620fa374b796ffaacdd","status":"passed","time":{"start":1760683063620,"stop":1760683112275,"duration":48655},"flaky":false,"newFailed":false,"newPassed":false,"newBroken":false,"retriesCount":3,"retriesStatusChange":true,"parameters":[],"tags":[]},{"name":"test_search_and_pair","uid":"e35d3be95c7835a9","parentUid":"b1a8273437954620fa374b796ffaacdd","status":"broken","time":{"start":1760683124038,"stop":1760683148315,"duration":24277},"flaky":false,"newFailed":false,"newPassed":false,"newBroken":false,"retriesCount":9,"retriesStatusChange":true,"parameters":[],"tags":[]}],"name":"behaviors"}