{"4160602f4b1603d970b22e8c04a0c1c0":{"statistic":{"failed":0,"broken":0,"skipped":0,"passed":1,"unknown":0,"total":1},"items":[{"uid":"bc8029351645a7c1","status":"passed","time":{"start":1760683063620,"stop":1760683112275,"duration":48655}}]},"faab467a4061b7a2c8c9e877864085b6":{"statistic":{"failed":0,"broken":1,"skipped":0,"passed":0,"unknown":0,"total":1},"items":[{"uid":"e35d3be95c7835a9","status":"broken","statusDetails":"selenium.common.exceptions.NoSuchElementException: Message: An element could not be located on the page using the given search parameters.; For documentation on this error, please visit: https://www.selenium.dev/documentation/webdriver/troubleshooting/errors#nosuchelementexception\nStacktrace:\nNoSuchElementError: An element could not be located on the page using the given search parameters.\n    at AndroidUiautomator2Driver.findElOrEls (C:\\Program Files\\Appium\\resources\\app\\node_modules\\appium\\node_modules\\appium-android-driver\\lib\\commands\\find.js:75:11)","time":{"start":1760683124038,"stop":1760683148315,"duration":24277}}]}}