{"uid":"b1a8273437954620fa374b796ffaacdd","name":"behaviors","children":[{"name":"test_bluetooth_quick_multi_device","uid":"32c0df1ac68f2224","parentUid":"b1a8273437954620fa374b796ffaacdd","status":"passed","time":{"start":1761014942976,"stop":1761014983050,"duration":40074},"flaky":false,"newFailed":false,"newPassed":false,"newBroken":false,"retriesCount":1,"retriesStatusChange":false,"parameters":[],"tags":[]},{"name":"test_device_pairing_multi_device","uid":"dc724a5f30da5b35","parentUid":"b1a8273437954620fa374b796ffaacdd","status":"broken","time":{"start":1761015008383,"stop":1761015051927,"duration":43544},"flaky":false,"newFailed":false,"newPassed":false,"newBroken":false,"retriesCount":1,"retriesStatusChange":true,"parameters":[],"tags":["pairing_test"]},{"name":"test_quick_pairing_multi_device","uid":"f806a7cb3c998991","parentUid":"b1a8273437954620fa374b796ffaacdd","status":"failed","time":{"start":1761015078963,"stop":1761015165977,"duration":87014},"flaky":false,"newFailed":false,"newPassed":false,"newBroken":false,"retriesCount":1,"retriesStatusChange":true,"parameters":[],"tags":[]},{"name":"test_bluetooth_stability","uid":"4ff27dabb146adcd","parentUid":"b1a8273437954620fa374b796ffaacdd","status":"passed","time":{"start":1761871158697,"stop":1761871184380,"duration":25683},"flaky":false,"newFailed":false,"newPassed":false,"newBroken":false,"retriesCount":2,"retriesStatusChange":true,"parameters":[],"tags":["bluetooth_test"]}]}