{"uid":"4b4757e66a1912dae1a509f688f20b0f","name":"categories","children":[{"name":"Test defects","children":[{"name":"RuntimeError: device2 测试失败: Message: An element could not be located on the page using the given search parameters.; For documentation on this error, please visit: https://www.selenium.dev/documentation/webdriver/troubleshooting/errors#nosuchelementexception\nStacktrace:\nNoSuchElementError: An element could not be located on the page using the given search parameters.\n    at AndroidUiautomator2Driver.findElOrEls (C:\\Program Files\\Appium\\resources\\app\\node_modules\\appium\\node_modules\\appium-android-driver\\lib\\commands\\find.js:75:11)","children":[{"name":"test_device_pairing_multi_device","uid":"dc724a5f30da5b35","parentUid":"1584a7ec13e9483ff456c15a13d44293","status":"broken","time":{"start":1761015008383,"stop":1761015051927,"duration":43544},"flaky":false,"newFailed":false,"newPassed":false,"newBroken":false,"retriesCount":1,"retriesStatusChange":true,"parameters":[],"tags":["pairing_test"]}],"uid":"1584a7ec13e9483ff456c15a13d44293"}],"uid":"bdbf199525818fae7a8651db9eafe741"},{"name":"Product defects","children":[{"name":"Failed: 快速测试失败设备: device1, device2","children":[{"name":"test_quick_pairing_multi_device","uid":"f806a7cb3c998991","parentUid":"c786df53b0bb0285617fecc7dcf5373c","status":"failed","time":{"start":1761015078963,"stop":1761015165977,"duration":87014},"flaky":false,"newFailed":false,"newPassed":false,"newBroken":false,"retriesCount":1,"retriesStatusChange":true,"parameters":[],"tags":[]}],"uid":"c786df53b0bb0285617fecc7dcf5373c"}],"uid":"8fb3a91ba5aaf9de24cc8a92edc82b5d"}]}