{"12933beb0eefa3d22e04cb2866865a99":{"statistic":{"failed":1,"broken":0,"skipped":0,"passed":0,"unknown":0,"total":1},"items":[{"uid":"f806a7cb3c998991","status":"failed","statusDetails":"Failed: 快速测试失败设备: device1, device2","time":{"start":1761015078963,"stop":1761015165977,"duration":87014}}]},"e5df1566ac8e46621c543216b4fa6b78":{"statistic":{"failed":0,"broken":0,"skipped":0,"passed":1,"unknown":0,"total":1},"items":[{"uid":"4ff27dabb146adcd","status":"passed","time":{"start":1761871158697,"stop":1761871184380,"duration":25683}}]},"4e02584dc33ad3e8c9b25559a65aa977":{"statistic":{"failed":0,"broken":0,"skipped":0,"passed":1,"unknown":0,"total":1},"items":[{"uid":"32c0df1ac68f2224","status":"passed","time":{"start":1761014942976,"stop":1761014983050,"duration":40074}}]},"242d2332d267b50f121cdb0dcf70c76e":{"statistic":{"failed":0,"broken":1,"skipped":0,"passed":0,"unknown":0,"total":1},"items":[{"uid":"dc724a5f30da5b35","status":"broken","statusDetails":"RuntimeError: device2 测试失败: Message: An element could not be located on the page using the given search parameters.; For documentation on this error, please visit: https://www.selenium.dev/documentation/webdriver/troubleshooting/errors#nosuchelementexception\nStacktrace:\nNoSuchElementError: An element could not be located on the page using the given search parameters.\n    at AndroidUiautomator2Driver.findElOrEls (C:\\Program Files\\Appium\\resources\\app\\node_modules\\appium\\node_modules\\appium-android-driver\\lib\\commands\\find.js:75:11)","time":{"start":1761015008383,"stop":1761015051927,"duration":43544}}]}}