[{"uid":"dc724a5f30da5b35","name":"test_device_pairing_multi_device","time":{"start":1761015008383,"stop":1761015051927,"duration":43544},"status":"broken","severity":"normal"},{"uid":"32c0df1ac68f2224","name":"test_bluetooth_quick_multi_device","time":{"start":1761014942976,"stop":1761014983050,"duration":40074},"status":"passed","severity":"normal"},{"uid":"4ff27dabb146adcd","name":"test_bluetooth_stability","time":{"start":1761871158697,"stop":1761871184380,"duration":25683},"status":"passed","severity":"normal"},{"uid":"f806a7cb3c998991","name":"test_quick_pairing_multi_device","time":{"start":1761015078963,"stop":1761015165977,"duration":87014},"status":"failed","severity":"normal"}]