{"uid":"b1a8273437954620fa374b796ffaacdd","name":"behaviors","children":[{"name":"test_open_bluetooth","uid":"a142b443b4d97b69","parentUid":"b1a8273437954620fa374b796ffaacdd","status":"passed","time":{"start":1760777591403,"stop":1760777661563,"duration":70160},"flaky":false,"newFailed":false,"newPassed":false,"newBroken":false,"retriesCount":7,"retriesStatusChange":true,"parameters":[],"tags":[]},{"name":"test_search_and_pair","uid":"2a7d5b98a2f4f57d","parentUid":"b1a8273437954620fa374b796ffaacdd","status":"passed","time":{"start":1760777672564,"stop":1760777689447,"duration":16883},"flaky":false,"newFailed":false,"newPassed":false,"newBroken":false,"retriesCount":13,"retriesStatusChange":true,"parameters":[],"tags":[]},{"name":"test_bluetooth_stability","uid":"458ef521598b8d86","parentUid":"b1a8273437954620fa374b796ffaacdd","status":"passed","time":{"start":1761006587191,"stop":1761006615434,"duration":28243},"flaky":false,"newFailed":false,"newPassed":false,"newBroken":false,"retriesCount":1,"retriesStatusChange":true,"parameters":[],"tags":["bluetooth_test"]},{"name":"test_bluetooth_quick_multi_device","uid":"727f21c088d31253","parentUid":"b1a8273437954620fa374b796ffaacdd","status":"passed","time":{"start":1761006640926,"stop":1761006679586,"duration":38660},"flaky":false,"newFailed":false,"newPassed":false,"newBroken":false,"retriesCount":1,"retriesStatusChange":true,"parameters":[],"tags":[]},{"name":"test_device_pairing_multi_device","uid":"a035633fc1fc89bf","parentUid":"b1a8273437954620fa374b796ffaacdd","status":"skipped","time":{"start":1761006705425,"stop":1761006748961,"duration":43536},"flaky":false,"newFailed":false,"newPassed":false,"newBroken":false,"retriesCount":0,"retriesStatusChange":false,"parameters":[],"tags":["pairing_test"]},{"name":"test_quick_pairing_multi_device","uid":"97ecbed59b6810b3","parentUid":"b1a8273437954620fa374b796ffaacdd","status":"skipped","time":{"start":1761006772523,"stop":1761006859035,"duration":86512},"flaky":false,"newFailed":false,"newPassed":false,"newBroken":false,"retriesCount":0,"retriesStatusChange":false,"parameters":[],"tags":[]}]}