{"uid":"ab17fc5a4eb3bca4b216b548c7f9fcbc","name":"timeline","children":[{"name":"DESKTOP-TFDMFFN","children":[{"name":"23984-MainThread","children":[{"name":"test_search_and_pair","uid":"3a325d5acb572733","parentUid":"a3c3f0e245ba1629b7a854217ea7d42a","status":"passed","time":{"start":1758503858239,"stop":1758503866436,"duration":8197},"flaky":false,"newFailed":false,"newPassed":false,"newBroken":false,"retriesCount":0,"retriesStatusChange":false,"parameters":[],"tags":[]}],"uid":"a3c3f0e245ba1629b7a854217ea7d42a"},{"name":"67132-MainThread","children":[{"name":"test_search_and_pair","uid":"d3e41006828de480","parentUid":"264d7ce9bf344ff972d8fc570c4e77c4","status":"failed","time":{"start":1760759300958,"stop":1760759340091,"duration":39133},"flaky":false,"newFailed":false,"newPassed":false,"newBroken":false,"retriesCount":0,"retriesStatusChange":false,"parameters":[],"tags":[]},{"name":"test_open_bluetooth","uid":"69f793c6a1c0db32","parentUid":"264d7ce9bf344ff972d8fc570c4e77c4","status":"broken","time":{"start":1760759228023,"stop":1760759288713,"duration":60690},"flaky":false,"newFailed":false,"newPassed":false,"newBroken":false,"retriesCount":0,"retriesStatusChange":false,"parameters":[],"tags":[]}],"uid":"264d7ce9bf344ff972d8fc570c4e77c4"},{"name":"45976-MainThread","children":[{"name":"test_search_and_pair","uid":"e623f810acb14197","parentUid":"316fa8b00c5ed9e1f7f3954a8ef06858","status":"broken","time":{"start":1758591894141,"stop":1758591918590,"duration":24449},"flaky":false,"newFailed":false,"newPassed":false,"newBroken":false,"retriesCount":0,"retriesStatusChange":false,"parameters":[],"tags":[]},{"name":"test_open_bluetooth","uid":"ae0d9d64cb7214b9","parentUid":"316fa8b00c5ed9e1f7f3954a8ef06858","status":"broken","time":{"start":1758591868966,"stop":1758591882801,"duration":13835},"flaky":false,"newFailed":false,"newPassed":false,"newBroken":false,"retriesCount":0,"retriesStatusChange":false,"parameters":[],"tags":[]}],"uid":"316fa8b00c5ed9e1f7f3954a8ef06858"},{"name":"60060-MainThread","children":[{"name":"test_bluetooth_quick_multi_device","uid":"727f21c088d31253","parentUid":"5b543aa7e32c31176ce8302e75d4f1ea","status":"passed","time":{"start":1761006640926,"stop":1761006679586,"duration":38660},"flaky":false,"newFailed":false,"newPassed":false,"newBroken":false,"retriesCount":1,"retriesStatusChange":true,"parameters":[],"tags":[]},{"name":"test_bluetooth_stability","uid":"458ef521598b8d86","parentUid":"5b543aa7e32c31176ce8302e75d4f1ea","status":"passed","time":{"start":1761006587191,"stop":1761006615434,"duration":28243},"flaky":false,"newFailed":false,"newPassed":false,"newBroken":false,"retriesCount":1,"retriesStatusChange":true,"parameters":[],"tags":["bluetooth_test"]},{"name":"test_quick_pairing_multi_device","uid":"97ecbed59b6810b3","parentUid":"5b543aa7e32c31176ce8302e75d4f1ea","status":"skipped","time":{"start":1761006772523,"stop":1761006859035,"duration":86512},"flaky":false,"newFailed":false,"newPassed":false,"newBroken":false,"retriesCount":0,"retriesStatusChange":false,"parameters":[],"tags":[]},{"name":"test_device_pairing_multi_device","uid":"a035633fc1fc89bf","parentUid":"5b543aa7e32c31176ce8302e75d4f1ea","status":"skipped","time":{"start":1761006705425,"stop":1761006748961,"duration":43536},"flaky":false,"newFailed":false,"newPassed":false,"newBroken":false,"retriesCount":0,"retriesStatusChange":false,"parameters":[],"tags":["pairing_test"]}],"uid":"5b543aa7e32c31176ce8302e75d4f1ea"},{"name":"472-MainThread","children":[{"name":"test_search_and_pair","uid":"f16b191f8864acb2","parentUid":"4fb56ea6151929336c4ec24b88e94095","status":"broken","time":{"start":1758503323721,"stop":1758503333876,"duration":10155},"flaky":false,"newFailed":false,"newPassed":false,"newBroken":false,"retriesCount":0,"retriesStatusChange":false,"parameters":[],"tags":[]}],"uid":"4fb56ea6151929336c4ec24b88e94095"},{"name":"37984-MainThread","children":[{"name":"test_search_and_pair","uid":"b9d7c2534780374f","parentUid":"2591fe11dc26181174ed85a4962d1050","status":"broken","time":{"start":1758188133993,"stop":1758188144187,"duration":10194},"flaky":false,"newFailed":false,"newPassed":false,"newBroken":false,"retriesCount":0,"retriesStatusChange":false,"parameters":[],"tags":[]}],"uid":"2591fe11dc26181174ed85a4962d1050"},{"name":"29856-MainThread","children":[{"name":"test_open_bluetooth","uid":"9b95a22a25592c9a","parentUid":"ccfd3f3875127248eecd77b11112246f","status":"passed","time":{"start":1760683063620,"stop":1760683112275,"duration":48655},"flaky":false,"newFailed":false,"newPassed":false,"newBroken":false,"retriesCount":0,"retriesStatusChange":false,"parameters":[],"tags":[]},{"name":"test_search_and_pair","uid":"f8ebfcc19ce2cd75","parentUid":"ccfd3f3875127248eecd77b11112246f","status":"broken","time":{"start":1760683124038,"stop":1760683148315,"duration":24277},"flaky":false,"newFailed":false,"newPassed":false,"newBroken":false,"retriesCount":0,"retriesStatusChange":false,"parameters":[],"tags":[]}],"uid":"ccfd3f3875127248eecd77b11112246f"},{"name":"48152-MainThread","children":[{"name":"test_search_and_pair","uid":"2a7d5b98a2f4f57d","parentUid":"79e648b316878def093f981cc78e3e8c","status":"passed","time":{"start":1760777672564,"stop":1760777689447,"duration":16883},"flaky":false,"newFailed":false,"newPassed":false,"newBroken":false,"retriesCount":13,"retriesStatusChange":true,"parameters":[],"tags":[]},{"name":"test_open_bluetooth","uid":"a142b443b4d97b69","parentUid":"79e648b316878def093f981cc78e3e8c","status":"passed","time":{"start":1760777591403,"stop":1760777661563,"duration":70160},"flaky":false,"newFailed":false,"newPassed":false,"newBroken":false,"retriesCount":7,"retriesStatusChange":true,"parameters":[],"tags":[]}],"uid":"79e648b316878def093f981cc78e3e8c"},{"name":"33640-MainThread","children":[{"name":"test_open_bluetooth","uid":"f2fe9dd0c10adbf8","parentUid":"55173aa1856361889de4a85cf2d73c9d","status":"passed","time":{"start":1760606394176,"stop":1760606443849,"duration":49673},"flaky":false,"newFailed":false,"newPassed":false,"newBroken":false,"retriesCount":0,"retriesStatusChange":false,"parameters":[],"tags":[]},{"name":"test_search_and_pair","uid":"51b1d59e1a3021fb","parentUid":"55173aa1856361889de4a85cf2d73c9d","status":"broken","time":{"start":1760606455604,"stop":1760606480342,"duration":24738},"flaky":false,"newFailed":false,"newPassed":false,"newBroken":false,"retriesCount":0,"retriesStatusChange":false,"parameters":[],"tags":[]}],"uid":"55173aa1856361889de4a85cf2d73c9d"},{"name":"39944-MainThread","children":[{"name":"test_search_and_pair","uid":"ac24d5c5fc1a367e","parentUid":"1adf83f37d19c104d65e308219bc5f08","status":"broken","time":{"start":1758185195952,"stop":1758185206140,"duration":10188},"flaky":false,"newFailed":false,"newPassed":false,"newBroken":false,"retriesCount":0,"retriesStatusChange":false,"parameters":[],"tags":[]}],"uid":"1adf83f37d19c104d65e308219bc5f08"},{"name":"21340-MainThread","children":[{"name":"test_search_and_pair","uid":"7285f568d9b00551","parentUid":"be4359b91832994f7a413147f53add48","status":"broken","time":{"start":1758503777217,"stop":1758503787356,"duration":10139},"flaky":false,"newFailed":false,"newPassed":false,"newBroken":false,"retriesCount":0,"retriesStatusChange":false,"parameters":[],"tags":[]}],"uid":"be4359b91832994f7a413147f53add48"},{"name":"56408-MainThread","children":[{"name":"test_search_and_pair","uid":"f938ffdee4323317","parentUid":"febbdb1615d00cd3c61f343064a4c217","status":"broken","time":{"start":1760777248562,"stop":1760777278921,"duration":30359},"flaky":false,"newFailed":false,"newPassed":false,"newBroken":false,"retriesCount":0,"retriesStatusChange":false,"parameters":[],"tags":[]},{"name":"test_open_bluetooth","uid":"9384dec505a7d8b5","parentUid":"febbdb1615d00cd3c61f343064a4c217","status":"passed","time":{"start":1760777168612,"stop":1760777237745,"duration":69133},"flaky":false,"newFailed":false,"newPassed":false,"newBroken":false,"retriesCount":0,"retriesStatusChange":false,"parameters":[],"tags":[]}],"uid":"febbdb1615d00cd3c61f343064a4c217"},{"name":"9644-MainThread","children":[{"name":"test_open_bluetooth","uid":"b11f2abc8bce386","parentUid":"de49d03820ac18a7a595eba0dc78bfd4","status":"passed","time":{"start":1760608018616,"stop":1760608075114,"duration":56498},"flaky":false,"newFailed":false,"newPassed":false,"newBroken":false,"retriesCount":0,"retriesStatusChange":false,"parameters":[],"tags":[]}],"uid":"de49d03820ac18a7a595eba0dc78bfd4"},{"name":"37800-MainThread","children":[{"name":"test_search_and_pair","uid":"4dcbd37a4d14bd9e","parentUid":"75c6836e2bd8ebcbe6ee704d84e432b3","status":"passed","time":{"start":1758503469464,"stop":1758503483938,"duration":14474},"flaky":false,"newFailed":false,"newPassed":false,"newBroken":false,"retriesCount":0,"retriesStatusChange":false,"parameters":[],"tags":[]}],"uid":"75c6836e2bd8ebcbe6ee704d84e432b3"},{"name":"36680-MainThread","children":[{"name":"test_search_and_pair","uid":"332c8fd79a9048bf","parentUid":"5fc23ec5c714c554fd630c406a3b176f","status":"broken","time":{"start":1758503700601,"stop":1758503710723,"duration":10122},"flaky":false,"newFailed":false,"newPassed":false,"newBroken":false,"retriesCount":0,"retriesStatusChange":false,"parameters":[],"tags":[]}],"uid":"5fc23ec5c714c554fd630c406a3b176f"},{"name":"31248-MainThread","children":[{"name":"test_open_bluetooth","uid":"75b00a3feaed5050","parentUid":"71ac068977bfe9baade769ff8901d4a8","status":"passed","time":{"start":1760777044123,"stop":1760777116271,"duration":72148},"flaky":false,"newFailed":false,"newPassed":false,"newBroken":false,"retriesCount":0,"retriesStatusChange":false,"parameters":[],"tags":[]},{"name":"test_search_and_pair","uid":"40904e8f9937a9a9","parentUid":"71ac068977bfe9baade769ff8901d4a8","status":"broken","time":{"start":1760777126996,"stop":1760777131719,"duration":4723},"flaky":false,"newFailed":false,"newPassed":false,"newBroken":false,"retriesCount":0,"retriesStatusChange":false,"parameters":[],"tags":[]}],"uid":"71ac068977bfe9baade769ff8901d4a8"},{"name":"16584-MainThread","children":[{"name":"test_bluetooth_stability","uid":"c2c4f316e09fcff7","parentUid":"71ef71305ce88e2d415ae403a580409a","status":"skipped","time":{"start":1760960614041,"stop":1760960614041,"duration":0},"flaky":false,"newFailed":false,"newPassed":false,"newBroken":false,"retriesCount":0,"retriesStatusChange":false,"parameters":[],"tags":["bluetooth_test"]},{"name":"test_bluetooth_quick_multi_device","uid":"e1ace1a2d34773ba","parentUid":"71ef71305ce88e2d415ae403a580409a","status":"skipped","time":{"start":1760960651275,"stop":1760960651275,"duration":0},"flaky":false,"newFailed":false,"newPassed":false,"newBroken":false,"retriesCount":0,"retriesStatusChange":false,"parameters":[],"tags":[]}],"uid":"71ef71305ce88e2d415ae403a580409a"}],"uid":"0ad24200c8c5d956bf05e659fef56b79"}]}