{"4160602f4b1603d970b22e8c04a0c1c0":{"statistic":{"failed":0,"broken":0,"skipped":0,"passed":1,"unknown":0,"total":1},"items":[{"uid":"a142b443b4d97b69","status":"passed","time":{"start":1760777591403,"stop":1760777661563,"duration":70160}}]},"faab467a4061b7a2c8c9e877864085b6":{"statistic":{"failed":0,"broken":0,"skipped":0,"passed":1,"unknown":0,"total":1},"items":[{"uid":"2a7d5b98a2f4f57d","status":"passed","time":{"start":1760777672564,"stop":1760777689447,"duration":16883}}]},"e5df1566ac8e46621c543216b4fa6b78":{"statistic":{"failed":0,"broken":0,"skipped":0,"passed":1,"unknown":0,"total":1},"items":[{"uid":"458ef521598b8d86","status":"passed","time":{"start":1761006587191,"stop":1761006615434,"duration":28243}}]},"12933beb0eefa3d22e04cb2866865a99":{"statistic":{"failed":0,"broken":0,"skipped":1,"passed":0,"unknown":0,"total":1},"items":[{"uid":"97ecbed59b6810b3","status":"skipped","statusDetails":"XFAIL 快速配对失败设备: device1, device2\n\n_pytest.outcomes.XFailed: 快速配对失败设备: device1, device2","time":{"start":1761006772523,"stop":1761006859035,"duration":86512}}]},"4e02584dc33ad3e8c9b25559a65aa977":{"statistic":{"failed":0,"broken":0,"skipped":0,"passed":1,"unknown":0,"total":1},"items":[{"uid":"727f21c088d31253","status":"passed","time":{"start":1761006640926,"stop":1761006679586,"duration":38660}}]},"242d2332d267b50f121cdb0dcf70c76e":{"statistic":{"failed":0,"broken":0,"skipped":1,"passed":0,"unknown":0,"total":1},"items":[{"uid":"a035633fc1fc89bf","status":"skipped","statusDetails":"XFAIL 部分设备配对失败: device2, device1\n\n_pytest.outcomes.XFailed: 部分设备配对失败: device2, device1","time":{"start":1761006705425,"stop":1761006748961,"duration":43536}}]}}