[{"uid":"458ef521598b8d86","name":"test_bluetooth_stability","time":{"start":1761006587191,"stop":1761006615434,"duration":28243},"status":"passed","severity":"normal"},{"uid":"97ecbed59b6810b3","name":"test_quick_pairing_multi_device","time":{"start":1761006772523,"stop":1761006859035,"duration":86512},"status":"skipped","severity":"normal"},{"uid":"a142b443b4d97b69","name":"test_open_bluetooth","time":{"start":1760777591403,"stop":1760777661563,"duration":70160},"status":"passed","severity":"normal"},{"uid":"a035633fc1fc89bf","name":"test_device_pairing_multi_device","time":{"start":1761006705425,"stop":1761006748961,"duration":43536},"status":"skipped","severity":"normal"},{"uid":"727f21c088d31253","name":"test_bluetooth_quick_multi_device","time":{"start":1761006640926,"stop":1761006679586,"duration":38660},"status":"passed","severity":"normal"},{"uid":"2a7d5b98a2f4f57d","name":"test_search_and_pair","time":{"start":1760777672564,"stop":1760777689447,"duration":16883},"status":"passed","severity":"normal"}]