{"uid":"ab17fc5a4eb3bca4b216b548c7f9fcbc","children":[{"name":"DESKTOP-TFDMFFN","children":[{"name":"10432-MainThread","children":[{"name":"test_quick_pairing_multi_device","uid":"c792d4622addaeca","parentUid":"a61315b1852b67bfff9ca054fcbd83b5","status":"failed","time":{"start":1761015078963,"stop":1761015165977,"duration":87014},"flaky":false,"newFailed":false,"newPassed":false,"newBroken":false,"retriesCount":1,"retriesStatusChange":true,"parameters":[],"tags":[]},{"name":"test_bluetooth_stability","uid":"e6ae3488066fbed9","parentUid":"a61315b1852b67bfff9ca054fcbd83b5","status":"passed","time":{"start":1761014894902,"stop":1761014919446,"duration":24544},"flaky":false,"newFailed":false,"newPassed":false,"newBroken":false,"retriesCount":1,"retriesStatusChange":true,"parameters":[],"tags":["bluetooth_test"]},{"name":"test_bluetooth_quick_multi_device","uid":"44dceaeeb95ea1ab","parentUid":"a61315b1852b67bfff9ca054fcbd83b5","status":"passed","time":{"start":1761014942976,"stop":1761014983050,"duration":40074},"flaky":false,"newFailed":false,"newPassed":false,"newBroken":false,"retriesCount":1,"retriesStatusChange":false,"parameters":[],"tags":[]},{"name":"test_device_pairing_multi_device","uid":"dc8a2382df63b4eb","parentUid":"a61315b1852b67bfff9ca054fcbd83b5","status":"broken","time":{"start":1761015008383,"stop":1761015051927,"duration":43544},"flaky":false,"newFailed":false,"newPassed":false,"newBroken":false,"retriesCount":1,"retriesStatusChange":true,"parameters":[],"tags":["pairing_test"]}],"uid":"a61315b1852b67bfff9ca054fcbd83b5"},{"name":"50748-MainThread","children":[{"name":"test_bluetooth_quick_multi_device","uid":"8e7ef4abaeee2108","parentUid":"199a7749bdd8f49c818408926fd9f523","status":"passed","time":{"start":1761013572947,"stop":1761013601617,"duration":28670},"flaky":false,"newFailed":false,"newPassed":false,"newBroken":false,"retriesCount":0,"retriesStatusChange":false,"parameters":[],"tags":[]},{"name":"test_bluetooth_stability","uid":"ddb7e195da428d8d","parentUid":"199a7749bdd8f49c818408926fd9f523","status":"skipped","time":{"start":1761013537865,"stop":1761013550430,"duration":12565},"flaky":false,"newFailed":false,"newPassed":false,"newBroken":false,"retriesCount":0,"retriesStatusChange":false,"parameters":[],"tags":["bluetooth_test"]},{"name":"test_device_pairing_multi_device","uid":"d66c49b01be0f52","parentUid":"199a7749bdd8f49c818408926fd9f523","status":"skipped","time":{"start":1761013627315,"stop":1761013649712,"duration":22397},"flaky":false,"newFailed":false,"newPassed":false,"newBroken":false,"retriesCount":0,"retriesStatusChange":false,"parameters":[],"tags":["pairing_test"]},{"name":"test_quick_pairing_multi_device","uid":"f27233e50fb4171","parentUid":"199a7749bdd8f49c818408926fd9f523","status":"skipped","time":{"start":1761013674936,"stop":1761013720240,"duration":45304},"flaky":false,"newFailed":false,"newPassed":false,"newBroken":false,"retriesCount":0,"retriesStatusChange":false,"parameters":[],"tags":[]}],"uid":"199a7749bdd8f49c818408926fd9f523"}],"uid":"0ad24200c8c5d956bf05e659fef56b79"}],"name":"timeline"}