[{"uid":"dc8a2382df63b4eb","name":"test_device_pairing_multi_device","time":{"start":1761015008383,"stop":1761015051927,"duration":43544},"status":"broken","severity":"normal"},{"uid":"44dceaeeb95ea1ab","name":"test_bluetooth_quick_multi_device","time":{"start":1761014942976,"stop":1761014983050,"duration":40074},"status":"passed","severity":"normal"},{"uid":"c792d4622addaeca","name":"test_quick_pairing_multi_device","time":{"start":1761015078963,"stop":1761015165977,"duration":87014},"status":"failed","severity":"normal"},{"uid":"e6ae3488066fbed9","name":"test_bluetooth_stability","time":{"start":1761014894902,"stop":1761014919446,"duration":24544},"status":"passed","severity":"normal"}]