{"uid":"83edc06c07f9ae9e47eb6dd1b683e4e2","name":"packages","children":[{"name":"ai_mate_tests.testsplan","children":[{"name":"test_open_bluetooth","children":[{"name":"test_open_bluetooth","uid":"aa3108cecaf8f57","parentUid":"d7651d62bf8e068d4833281de44b6fa1","status":"passed","time":{"start":1760777591403,"stop":1760777661563,"duration":70160},"flaky":false,"newFailed":false,"newPassed":false,"newBroken":false,"retriesCount":7,"retriesStatusChange":true,"parameters":[],"tags":[]},{"name":"test_bluetooth_stability","uid":"ba0eea709ccfb722","parentUid":"d7651d62bf8e068d4833281de44b6fa1","status":"passed","time":{"start":1761007493292,"stop":1761007517545,"duration":24253},"flaky":false,"newFailed":false,"newPassed":false,"newBroken":false,"retriesCount":2,"retriesStatusChange":true,"parameters":[],"tags":["bluetooth_test"]},{"name":"test_bluetooth_quick_multi_device","uid":"8e72732804cb98fa","parentUid":"d7651d62bf8e068d4833281de44b6fa1","status":"passed","time":{"start":1761007541262,"stop":1761007580568,"duration":39306},"flaky":false,"newFailed":false,"newPassed":false,"newBroken":false,"retriesCount":2,"retriesStatusChange":true,"parameters":[],"tags":[]}],"uid":"d7651d62bf8e068d4833281de44b6fa1"},{"name":"test_search_and_pair","children":[{"name":"test_search_and_pair","uid":"fb9e371b2b91cd45","parentUid":"adf449c07135d65052e5ac6db7e313d6","status":"passed","time":{"start":1760777672564,"stop":1760777689447,"duration":16883},"flaky":false,"newFailed":false,"newPassed":false,"newBroken":false,"retriesCount":13,"retriesStatusChange":true,"parameters":[],"tags":[]},{"name":"test_device_pairing_multi_device","uid":"341000080225b257","parentUid":"adf449c07135d65052e5ac6db7e313d6","status":"skipped","time":{"start":1761007605923,"stop":1761007649714,"duration":43791},"flaky":false,"newFailed":false,"newPassed":false,"newBroken":false,"retriesCount":1,"retriesStatusChange":false,"parameters":[],"tags":["pairing_test"]},{"name":"test_quick_pairing_multi_device","uid":"21e9976a2046ac86","parentUid":"adf449c07135d65052e5ac6db7e313d6","status":"skipped","time":{"start":1761007672890,"stop":1761007760336,"duration":87446},"flaky":false,"newFailed":false,"newPassed":false,"newBroken":false,"retriesCount":1,"retriesStatusChange":false,"parameters":[],"tags":[]}],"uid":"adf449c07135d65052e5ac6db7e313d6"}],"uid":"ai_mate_tests.testsplan"}]}