{"uid":"ab17fc5a4eb3bca4b216b548c7f9fcbc","name":"timeline","children":[{"name":"DESKTOP-TFDMFFN","children":[{"name":"16584-MainThread","children":[{"name":"test_bluetooth_stability","uid":"710c1c4eab2d5eba","parentUid":"71ef71305ce88e2d415ae403a580409a","status":"skipped","time":{"start":1760960614041,"stop":1760960614041,"duration":0},"flaky":false,"newFailed":false,"newPassed":false,"newBroken":false,"retriesCount":0,"retriesStatusChange":false,"parameters":[],"tags":["bluetooth_test"]},{"name":"test_bluetooth_quick_multi_device","uid":"55f6c37a31e5dbc7","parentUid":"71ef71305ce88e2d415ae403a580409a","status":"skipped","time":{"start":1760960651275,"stop":1760960651275,"duration":0},"flaky":false,"newFailed":false,"newPassed":false,"newBroken":false,"retriesCount":0,"retriesStatusChange":false,"parameters":[],"tags":[]}],"uid":"71ef71305ce88e2d415ae403a580409a"},{"name":"29856-MainThread","children":[{"name":"test_open_bluetooth","uid":"b567b51132292500","parentUid":"ccfd3f3875127248eecd77b11112246f","status":"passed","time":{"start":1760683063620,"stop":1760683112275,"duration":48655},"flaky":false,"newFailed":false,"newPassed":false,"newBroken":false,"retriesCount":0,"retriesStatusChange":false,"parameters":[],"tags":[]},{"name":"test_search_and_pair","uid":"f5824daf3c8b95b","parentUid":"ccfd3f3875127248eecd77b11112246f","status":"broken","time":{"start":1760683124038,"stop":1760683148315,"duration":24277},"flaky":false,"newFailed":false,"newPassed":false,"newBroken":false,"retriesCount":0,"retriesStatusChange":false,"parameters":[],"tags":[]}],"uid":"ccfd3f3875127248eecd77b11112246f"},{"name":"33640-MainThread","children":[{"name":"test_open_bluetooth","uid":"f6ee16963bd60a4e","parentUid":"55173aa1856361889de4a85cf2d73c9d","status":"passed","time":{"start":1760606394176,"stop":1760606443849,"duration":49673},"flaky":false,"newFailed":false,"newPassed":false,"newBroken":false,"retriesCount":0,"retriesStatusChange":false,"parameters":[],"tags":[]},{"name":"test_search_and_pair","uid":"e78b370e03f9cd34","parentUid":"55173aa1856361889de4a85cf2d73c9d","status":"broken","time":{"start":1760606455604,"stop":1760606480342,"duration":24738},"flaky":false,"newFailed":false,"newPassed":false,"newBroken":false,"retriesCount":0,"retriesStatusChange":false,"parameters":[],"tags":[]}],"uid":"55173aa1856361889de4a85cf2d73c9d"},{"name":"45976-MainThread","children":[{"name":"test_search_and_pair","uid":"969de3536c6bb8a1","parentUid":"316fa8b00c5ed9e1f7f3954a8ef06858","status":"broken","time":{"start":1758591894141,"stop":1758591918590,"duration":24449},"flaky":false,"newFailed":false,"newPassed":false,"newBroken":false,"retriesCount":0,"retriesStatusChange":false,"parameters":[],"tags":[]},{"name":"test_open_bluetooth","uid":"3b37aa94bb1c5cf1","parentUid":"316fa8b00c5ed9e1f7f3954a8ef06858","status":"broken","time":{"start":1758591868966,"stop":1758591882801,"duration":13835},"flaky":false,"newFailed":false,"newPassed":false,"newBroken":false,"retriesCount":0,"retriesStatusChange":false,"parameters":[],"tags":[]}],"uid":"316fa8b00c5ed9e1f7f3954a8ef06858"},{"name":"37800-MainThread","children":[{"name":"test_search_and_pair","uid":"ff5d9c69bd5aee8b","parentUid":"75c6836e2bd8ebcbe6ee704d84e432b3","status":"passed","time":{"start":1758503469464,"stop":1758503483938,"duration":14474},"flaky":false,"newFailed":false,"newPassed":false,"newBroken":false,"retriesCount":0,"retriesStatusChange":false,"parameters":[],"tags":[]}],"uid":"75c6836e2bd8ebcbe6ee704d84e432b3"},{"name":"31248-MainThread","children":[{"name":"test_search_and_pair","uid":"c2047f6331be23c2","parentUid":"71ac068977bfe9baade769ff8901d4a8","status":"broken","time":{"start":1760777126996,"stop":1760777131719,"duration":4723},"flaky":false,"newFailed":false,"newPassed":false,"newBroken":false,"retriesCount":0,"retriesStatusChange":false,"parameters":[],"tags":[]},{"name":"test_open_bluetooth","uid":"c8b064a324a444d8","parentUid":"71ac068977bfe9baade769ff8901d4a8","status":"passed","time":{"start":1760777044123,"stop":1760777116271,"duration":72148},"flaky":false,"newFailed":false,"newPassed":false,"newBroken":false,"retriesCount":0,"retriesStatusChange":false,"parameters":[],"tags":[]}],"uid":"71ac068977bfe9baade769ff8901d4a8"},{"name":"61108-MainThread","children":[{"name":"test_device_pairing_multi_device","uid":"341000080225b257","parentUid":"dea9bcf7c7eaedbbec74d7b515fbaa9d","status":"skipped","time":{"start":1761007605923,"stop":1761007649714,"duration":43791},"flaky":false,"newFailed":false,"newPassed":false,"newBroken":false,"retriesCount":1,"retriesStatusChange":false,"parameters":[],"tags":["pairing_test"]},{"name":"test_bluetooth_quick_multi_device","uid":"8e72732804cb98fa","parentUid":"dea9bcf7c7eaedbbec74d7b515fbaa9d","status":"passed","time":{"start":1761007541262,"stop":1761007580568,"duration":39306},"flaky":false,"newFailed":false,"newPassed":false,"newBroken":false,"retriesCount":2,"retriesStatusChange":true,"parameters":[],"tags":[]},{"name":"test_quick_pairing_multi_device","uid":"21e9976a2046ac86","parentUid":"dea9bcf7c7eaedbbec74d7b515fbaa9d","status":"skipped","time":{"start":1761007672890,"stop":1761007760336,"duration":87446},"flaky":false,"newFailed":false,"newPassed":false,"newBroken":false,"retriesCount":1,"retriesStatusChange":false,"parameters":[],"tags":[]},{"name":"test_bluetooth_stability","uid":"ba0eea709ccfb722","parentUid":"dea9bcf7c7eaedbbec74d7b515fbaa9d","status":"passed","time":{"start":1761007493292,"stop":1761007517545,"duration":24253},"flaky":false,"newFailed":false,"newPassed":false,"newBroken":false,"retriesCount":2,"retriesStatusChange":true,"parameters":[],"tags":["bluetooth_test"]}],"uid":"dea9bcf7c7eaedbbec74d7b515fbaa9d"},{"name":"60060-MainThread","children":[{"name":"test_bluetooth_stability","uid":"334f6e58e241e033","parentUid":"5b543aa7e32c31176ce8302e75d4f1ea","status":"passed","time":{"start":1761006587191,"stop":1761006615434,"duration":28243},"flaky":false,"newFailed":false,"newPassed":false,"newBroken":false,"retriesCount":0,"retriesStatusChange":false,"parameters":[],"tags":["bluetooth_test"]},{"name":"test_device_pairing_multi_device","uid":"fbccd4daff20f775","parentUid":"5b543aa7e32c31176ce8302e75d4f1ea","status":"skipped","time":{"start":1761006705425,"stop":1761006748961,"duration":43536},"flaky":false,"newFailed":false,"newPassed":false,"newBroken":false,"retriesCount":0,"retriesStatusChange":false,"parameters":[],"tags":["pairing_test"]},{"name":"test_bluetooth_quick_multi_device","uid":"db8f0f18f654cf5c","parentUid":"5b543aa7e32c31176ce8302e75d4f1ea","status":"passed","time":{"start":1761006640926,"stop":1761006679586,"duration":38660},"flaky":false,"newFailed":false,"newPassed":false,"newBroken":false,"retriesCount":0,"retriesStatusChange":false,"parameters":[],"tags":[]},{"name":"test_quick_pairing_multi_device","uid":"891a2c2fe2039352","parentUid":"5b543aa7e32c31176ce8302e75d4f1ea","status":"skipped","time":{"start":1761006772523,"stop":1761006859035,"duration":86512},"flaky":false,"newFailed":false,"newPassed":false,"newBroken":false,"retriesCount":0,"retriesStatusChange":false,"parameters":[],"tags":[]}],"uid":"5b543aa7e32c31176ce8302e75d4f1ea"},{"name":"67132-MainThread","children":[{"name":"test_search_and_pair","uid":"2f5af4ed8b421c3c","parentUid":"264d7ce9bf344ff972d8fc570c4e77c4","status":"failed","time":{"start":1760759300958,"stop":1760759340091,"duration":39133},"flaky":false,"newFailed":false,"newPassed":false,"newBroken":false,"retriesCount":0,"retriesStatusChange":false,"parameters":[],"tags":[]},{"name":"test_open_bluetooth","uid":"e1fc08311ba882f3","parentUid":"264d7ce9bf344ff972d8fc570c4e77c4","status":"broken","time":{"start":1760759228023,"stop":1760759288713,"duration":60690},"flaky":false,"newFailed":false,"newPassed":false,"newBroken":false,"retriesCount":0,"retriesStatusChange":false,"parameters":[],"tags":[]}],"uid":"264d7ce9bf344ff972d8fc570c4e77c4"},{"name":"48152-MainThread","children":[{"name":"test_open_bluetooth","uid":"aa3108cecaf8f57","parentUid":"79e648b316878def093f981cc78e3e8c","status":"passed","time":{"start":1760777591403,"stop":1760777661563,"duration":70160},"flaky":false,"newFailed":false,"newPassed":false,"newBroken":false,"retriesCount":7,"retriesStatusChange":true,"parameters":[],"tags":[]},{"name":"test_search_and_pair","uid":"fb9e371b2b91cd45","parentUid":"79e648b316878def093f981cc78e3e8c","status":"passed","time":{"start":1760777672564,"stop":1760777689447,"duration":16883},"flaky":false,"newFailed":false,"newPassed":false,"newBroken":false,"retriesCount":13,"retriesStatusChange":true,"parameters":[],"tags":[]}],"uid":"79e648b316878def093f981cc78e3e8c"},{"name":"21340-MainThread","children":[{"name":"test_search_and_pair","uid":"bea3848aaef39f79","parentUid":"be4359b91832994f7a413147f53add48","status":"broken","time":{"start":1758503777217,"stop":1758503787356,"duration":10139},"flaky":false,"newFailed":false,"newPassed":false,"newBroken":false,"retriesCount":0,"retriesStatusChange":false,"parameters":[],"tags":[]}],"uid":"be4359b91832994f7a413147f53add48"},{"name":"37984-MainThread","children":[{"name":"test_search_and_pair","uid":"c69f40b7bd71671c","parentUid":"2591fe11dc26181174ed85a4962d1050","status":"broken","time":{"start":1758188133993,"stop":1758188144187,"duration":10194},"flaky":false,"newFailed":false,"newPassed":false,"newBroken":false,"retriesCount":0,"retriesStatusChange":false,"parameters":[],"tags":[]}],"uid":"2591fe11dc26181174ed85a4962d1050"},{"name":"23984-MainThread","children":[{"name":"test_search_and_pair","uid":"f4708cfc9fef79b4","parentUid":"a3c3f0e245ba1629b7a854217ea7d42a","status":"passed","time":{"start":1758503858239,"stop":1758503866436,"duration":8197},"flaky":false,"newFailed":false,"newPassed":false,"newBroken":false,"retriesCount":0,"retriesStatusChange":false,"parameters":[],"tags":[]}],"uid":"a3c3f0e245ba1629b7a854217ea7d42a"},{"name":"56408-MainThread","children":[{"name":"test_search_and_pair","uid":"f3baedae4ac13c8f","parentUid":"febbdb1615d00cd3c61f343064a4c217","status":"broken","time":{"start":1760777248562,"stop":1760777278921,"duration":30359},"flaky":false,"newFailed":false,"newPassed":false,"newBroken":false,"retriesCount":0,"retriesStatusChange":false,"parameters":[],"tags":[]},{"name":"test_open_bluetooth","uid":"f9726106af5342ea","parentUid":"febbdb1615d00cd3c61f343064a4c217","status":"passed","time":{"start":1760777168612,"stop":1760777237745,"duration":69133},"flaky":false,"newFailed":false,"newPassed":false,"newBroken":false,"retriesCount":0,"retriesStatusChange":false,"parameters":[],"tags":[]}],"uid":"febbdb1615d00cd3c61f343064a4c217"},{"name":"36680-MainThread","children":[{"name":"test_search_and_pair","uid":"484e02ed34762fd0","parentUid":"5fc23ec5c714c554fd630c406a3b176f","status":"broken","time":{"start":1758503700601,"stop":1758503710723,"duration":10122},"flaky":false,"newFailed":false,"newPassed":false,"newBroken":false,"retriesCount":0,"retriesStatusChange":false,"parameters":[],"tags":[]}],"uid":"5fc23ec5c714c554fd630c406a3b176f"},{"name":"472-MainThread","children":[{"name":"test_search_and_pair","uid":"bcd1455bb30160c8","parentUid":"4fb56ea6151929336c4ec24b88e94095","status":"broken","time":{"start":1758503323721,"stop":1758503333876,"duration":10155},"flaky":false,"newFailed":false,"newPassed":false,"newBroken":false,"retriesCount":0,"retriesStatusChange":false,"parameters":[],"tags":[]}],"uid":"4fb56ea6151929336c4ec24b88e94095"},{"name":"39944-MainThread","children":[{"name":"test_search_and_pair","uid":"baef6ea0cf90734c","parentUid":"1adf83f37d19c104d65e308219bc5f08","status":"broken","time":{"start":1758185195952,"stop":1758185206140,"duration":10188},"flaky":false,"newFailed":false,"newPassed":false,"newBroken":false,"retriesCount":0,"retriesStatusChange":false,"parameters":[],"tags":[]}],"uid":"1adf83f37d19c104d65e308219bc5f08"},{"name":"9644-MainThread","children":[{"name":"test_open_bluetooth","uid":"76477f4239fc2293","parentUid":"de49d03820ac18a7a595eba0dc78bfd4","status":"passed","time":{"start":1760608018616,"stop":1760608075114,"duration":56498},"flaky":false,"newFailed":false,"newPassed":false,"newBroken":false,"retriesCount":0,"retriesStatusChange":false,"parameters":[],"tags":[]}],"uid":"de49d03820ac18a7a595eba0dc78bfd4"}],"uid":"0ad24200c8c5d956bf05e659fef56b79"}]}