{"4160602f4b1603d970b22e8c04a0c1c0":{"statistic":{"failed":0,"broken":0,"skipped":0,"passed":1,"unknown":0,"total":1},"items":[{"uid":"aa3108cecaf8f57","status":"passed","time":{"start":1760777591403,"stop":1760777661563,"duration":70160}}]},"faab467a4061b7a2c8c9e877864085b6":{"statistic":{"failed":0,"broken":0,"skipped":0,"passed":1,"unknown":0,"total":1},"items":[{"uid":"fb9e371b2b91cd45","status":"passed","time":{"start":1760777672564,"stop":1760777689447,"duration":16883}}]},"4e02584dc33ad3e8c9b25559a65aa977":{"statistic":{"failed":0,"broken":0,"skipped":0,"passed":1,"unknown":0,"total":1},"items":[{"uid":"8e72732804cb98fa","status":"passed","time":{"start":1761007541262,"stop":1761007580568,"duration":39306}}]},"12933beb0eefa3d22e04cb2866865a99":{"statistic":{"failed":0,"broken":0,"skipped":1,"passed":0,"unknown":0,"total":1},"items":[{"uid":"21e9976a2046ac86","status":"skipped","statusDetails":"XFAIL 快速配对失败设备: device1, device2\n\n_pytest.outcomes.XFailed: 快速配对失败设备: device1, device2","time":{"start":1761007672890,"stop":1761007760336,"duration":87446}}]},"e5df1566ac8e46621c543216b4fa6b78":{"statistic":{"failed":0,"broken":0,"skipped":0,"passed":1,"unknown":0,"total":1},"items":[{"uid":"ba0eea709ccfb722","status":"passed","time":{"start":1761007493292,"stop":1761007517545,"duration":24253}}]},"242d2332d267b50f121cdb0dcf70c76e":{"statistic":{"failed":0,"broken":0,"skipped":1,"passed":0,"unknown":0,"total":1},"items":[{"uid":"341000080225b257","status":"skipped","statusDetails":"XFAIL 部分设备配对失败: device2, device1\n\n_pytest.outcomes.XFailed: 部分设备配对失败: device2, device1","time":{"start":1761007605923,"stop":1761007649714,"duration":43791}}]}}