[{"uid":"aa3108cecaf8f57","name":"test_open_bluetooth","time":{"start":1760777591403,"stop":1760777661563,"duration":70160},"status":"passed","severity":"normal"},{"uid":"8e72732804cb98fa","name":"test_bluetooth_quick_multi_device","time":{"start":1761007541262,"stop":1761007580568,"duration":39306},"status":"passed","severity":"normal"},{"uid":"fb9e371b2b91cd45","name":"test_search_and_pair","time":{"start":1760777672564,"stop":1760777689447,"duration":16883},"status":"passed","severity":"normal"},{"uid":"ba0eea709ccfb722","name":"test_bluetooth_stability","time":{"start":1761007493292,"stop":1761007517545,"duration":24253},"status":"passed","severity":"normal"},{"uid":"21e9976a2046ac86","name":"test_quick_pairing_multi_device","time":{"start":1761007672890,"stop":1761007760336,"duration":87446},"status":"skipped","severity":"normal"},{"uid":"341000080225b257","name":"test_device_pairing_multi_device","time":{"start":1761007605923,"stop":1761007649714,"duration":43791},"status":"skipped","severity":"normal"}]