{"uid":"83edc06c07f9ae9e47eb6dd1b683e4e2","name":"packages","children":[{"name":"ai_mate_tests.testsplan.test_open_bluetooth","children":[{"name":"test_bluetooth_stability","uid":"dcbe277cc9da0ad1","parentUid":"d7651d62bf8e068d4833281de44b6fa1","status":"passed","time":{"start":1761872001824,"stop":1761872029305,"duration":27481},"flaky":false,"newFailed":false,"newPassed":false,"newBroken":false,"retriesCount":0,"retriesStatusChange":false,"parameters":[],"tags":["bluetooth_test"]}],"uid":"ai_mate_tests.testsplan.test_open_bluetooth"}]}