{"uid":"ab17fc5a4eb3bca4b216b548c7f9fcbc","name":"timeline","children":[{"name":"DESKTOP-TFDMFFN","children":[{"name":"20864-MainThread","children":[{"name":"test_bluetooth_stability","uid":"dcbe277cc9da0ad1","parentUid":"61bb974a3aeadd00e1f9427bcd88c426","status":"passed","time":{"start":1761872001824,"stop":1761872029305,"duration":27481},"flaky":false,"newFailed":false,"newPassed":false,"newBroken":false,"retriesCount":0,"retriesStatusChange":false,"parameters":[],"tags":["bluetooth_test"]}],"uid":"61bb974a3aeadd00e1f9427bcd88c426"}],"uid":"0ad24200c8c5d956bf05e659fef56b79"}]}