{"uid":"98d3104e051c652961429bf95fa0b5d6","name":"suites","children":[{"name":"ai_mate_tests.testsplan","children":[{"name":"test_search_and_pair","children":[{"name":"test_search_and_pair","uid":"dc737dfde8b695a6","parentUid":"e75746c641913de3c74e23f14628b425","status":"broken","time":{"start":1758185195952,"stop":1758185206140,"duration":10188},"flaky":false,"newFailed":false,"newPassed":false,"newBroken":false,"retriesCount":0,"retriesStatusChange":false,"parameters":[],"tags":[]}],"uid":"e75746c641913de3c74e23f14628b425"}],"uid":"a19719d157d2dbf41a4a7036fecbd132"}]}