{"uid":"83edc06c07f9ae9e47eb6dd1b683e4e2","name":"packages","children":[{"name":"ai_mate_tests.testsplan.test_search_and_pair","children":[{"name":"test_search_and_pair","uid":"dc737dfde8b695a6","parentUid":"adf449c07135d65052e5ac6db7e313d6","status":"broken","time":{"start":1758185195952,"stop":1758185206140,"duration":10188},"flaky":false,"newFailed":false,"newPassed":false,"newBroken":false,"retriesCount":0,"retriesStatusChange":false,"parameters":[],"tags":[]}],"uid":"ai_mate_tests.testsplan.test_search_and_pair"}]}