{"uid":"83edc06c07f9ae9e47eb6dd1b683e4e2","name":"packages","children":[{"name":"ai_mate_tests.testsplan","children":[{"name":"test_open_bluetooth","children":[{"name":"test_bluetooth_stability","uid":"22e2fe46c03aa4c7","parentUid":"d7651d62bf8e068d4833281de44b6fa1","status":"passed","time":{"start":1761014894902,"stop":1761014919446,"duration":24544},"flaky":false,"newFailed":false,"newPassed":false,"newBroken":false,"retriesCount":1,"retriesStatusChange":true,"parameters":[],"tags":["bluetooth_test"]},{"name":"test_bluetooth_quick_multi_device","uid":"19de10083caa31cb","parentUid":"d7651d62bf8e068d4833281de44b6fa1","status":"passed","time":{"start":1761014942976,"stop":1761014983050,"duration":40074},"flaky":false,"newFailed":false,"newPassed":false,"newBroken":false,"retriesCount":1,"retriesStatusChange":false,"parameters":[],"tags":[]}],"uid":"d7651d62bf8e068d4833281de44b6fa1"},{"name":"test_search_and_pair","children":[{"name":"test_device_pairing_multi_device","uid":"6d91d5409e5df45b","parentUid":"adf449c07135d65052e5ac6db7e313d6","status":"broken","time":{"start":1761015008383,"stop":1761015051927,"duration":43544},"flaky":false,"newFailed":false,"newPassed":false,"newBroken":false,"retriesCount":1,"retriesStatusChange":true,"parameters":[],"tags":["pairing_test"]},{"name":"test_quick_pairing_multi_device","uid":"3ba4dba9c2c335b","parentUid":"adf449c07135d65052e5ac6db7e313d6","status":"failed","time":{"start":1761015078963,"stop":1761015165977,"duration":87014},"flaky":false,"newFailed":false,"newPassed":false,"newBroken":false,"retriesCount":1,"retriesStatusChange":true,"parameters":[],"tags":[]}],"uid":"adf449c07135d65052e5ac6db7e313d6"}],"uid":"ai_mate_tests.testsplan"}]}