{"uid":"ab17fc5a4eb3bca4b216b548c7f9fcbc","name":"timeline","children":[{"name":"DESKTOP-TFDMFFN","children":[{"name":"10432-MainThread","children":[{"name":"test_bluetooth_stability","uid":"22e2fe46c03aa4c7","parentUid":"a61315b1852b67bfff9ca054fcbd83b5","status":"passed","time":{"start":1761014894902,"stop":1761014919446,"duration":24544},"flaky":false,"newFailed":false,"newPassed":false,"newBroken":false,"retriesCount":1,"retriesStatusChange":true,"parameters":[],"tags":["bluetooth_test"]},{"name":"test_bluetooth_quick_multi_device","uid":"19de10083caa31cb","parentUid":"a61315b1852b67bfff9ca054fcbd83b5","status":"passed","time":{"start":1761014942976,"stop":1761014983050,"duration":40074},"flaky":false,"newFailed":false,"newPassed":false,"newBroken":false,"retriesCount":1,"retriesStatusChange":false,"parameters":[],"tags":[]},{"name":"test_device_pairing_multi_device","uid":"6d91d5409e5df45b","parentUid":"a61315b1852b67bfff9ca054fcbd83b5","status":"broken","time":{"start":1761015008383,"stop":1761015051927,"duration":43544},"flaky":false,"newFailed":false,"newPassed":false,"newBroken":false,"retriesCount":1,"retriesStatusChange":true,"parameters":[],"tags":["pairing_test"]},{"name":"test_quick_pairing_multi_device","uid":"3ba4dba9c2c335b","parentUid":"a61315b1852b67bfff9ca054fcbd83b5","status":"failed","time":{"start":1761015078963,"stop":1761015165977,"duration":87014},"flaky":false,"newFailed":false,"newPassed":false,"newBroken":false,"retriesCount":1,"retriesStatusChange":true,"parameters":[],"tags":[]}],"uid":"a61315b1852b67bfff9ca054fcbd83b5"},{"name":"50748-MainThread","children":[{"name":"test_device_pairing_multi_device","uid":"49693092f498eeea","parentUid":"199a7749bdd8f49c818408926fd9f523","status":"skipped","time":{"start":1761013627315,"stop":1761013649712,"duration":22397},"flaky":false,"newFailed":false,"newPassed":false,"newBroken":false,"retriesCount":0,"retriesStatusChange":false,"parameters":[],"tags":["pairing_test"]},{"name":"test_bluetooth_quick_multi_device","uid":"cae68c303d7d65c2","parentUid":"199a7749bdd8f49c818408926fd9f523","status":"passed","time":{"start":1761013572947,"stop":1761013601617,"duration":28670},"flaky":false,"newFailed":false,"newPassed":false,"newBroken":false,"retriesCount":0,"retriesStatusChange":false,"parameters":[],"tags":[]},{"name":"test_quick_pairing_multi_device","uid":"5a4f715b789d8644","parentUid":"199a7749bdd8f49c818408926fd9f523","status":"skipped","time":{"start":1761013674936,"stop":1761013720240,"duration":45304},"flaky":false,"newFailed":false,"newPassed":false,"newBroken":false,"retriesCount":0,"retriesStatusChange":false,"parameters":[],"tags":[]},{"name":"test_bluetooth_stability","uid":"6dfbfb50afdc41c4","parentUid":"199a7749bdd8f49c818408926fd9f523","status":"skipped","time":{"start":1761013537865,"stop":1761013550430,"duration":12565},"flaky":false,"newFailed":false,"newPassed":false,"newBroken":false,"retriesCount":0,"retriesStatusChange":false,"parameters":[],"tags":["bluetooth_test"]}],"uid":"199a7749bdd8f49c818408926fd9f523"}],"uid":"0ad24200c8c5d956bf05e659fef56b79"}]}