[{"uid":"19de10083caa31cb","name":"test_bluetooth_quick_multi_device","time":{"start":1761014942976,"stop":1761014983050,"duration":40074},"status":"passed","severity":"normal"},{"uid":"22e2fe46c03aa4c7","name":"test_bluetooth_stability","time":{"start":1761014894902,"stop":1761014919446,"duration":24544},"status":"passed","severity":"normal"},{"uid":"3ba4dba9c2c335b","name":"test_quick_pairing_multi_device","time":{"start":1761015078963,"stop":1761015165977,"duration":87014},"status":"failed","severity":"normal"},{"uid":"6d91d5409e5df45b","name":"test_device_pairing_multi_device","time":{"start":1761015008383,"stop":1761015051927,"duration":43544},"status":"broken","severity":"normal"}]