{"uid":"ab17fc5a4eb3bca4b216b548c7f9fcbc","name":"timeline","children":[{"name":"DESKTOP-TFDMFFN","children":[{"name":"10432-MainThread","children":[{"name":"test_device_pairing_multi_device","uid":"18ea875fa60b9f77","parentUid":"a61315b1852b67bfff9ca054fcbd83b5","status":"broken","time":{"start":1761015008383,"stop":1761015051927,"duration":43544},"flaky":false,"newFailed":false,"newPassed":false,"newBroken":false,"retriesCount":1,"retriesStatusChange":true,"parameters":[],"tags":["pairing_test"]},{"name":"test_quick_pairing_multi_device","uid":"478fdc35633d448b","parentUid":"a61315b1852b67bfff9ca054fcbd83b5","status":"failed","time":{"start":1761015078963,"stop":1761015165977,"duration":87014},"flaky":false,"newFailed":false,"newPassed":false,"newBroken":false,"retriesCount":1,"retriesStatusChange":true,"parameters":[],"tags":[]},{"name":"test_bluetooth_stability","uid":"dcafcca3a97f938d","parentUid":"a61315b1852b67bfff9ca054fcbd83b5","status":"passed","time":{"start":1761014894902,"stop":1761014919446,"duration":24544},"flaky":false,"newFailed":false,"newPassed":false,"newBroken":false,"retriesCount":1,"retriesStatusChange":true,"parameters":[],"tags":["bluetooth_test"]},{"name":"test_bluetooth_quick_multi_device","uid":"7756b1e159c15855","parentUid":"a61315b1852b67bfff9ca054fcbd83b5","status":"passed","time":{"start":1761014942976,"stop":1761014983050,"duration":40074},"flaky":false,"newFailed":false,"newPassed":false,"newBroken":false,"retriesCount":1,"retriesStatusChange":false,"parameters":[],"tags":[]}],"uid":"a61315b1852b67bfff9ca054fcbd83b5"},{"name":"50748-MainThread","children":[{"name":"test_quick_pairing_multi_device","uid":"7c9bde385ac95c55","parentUid":"199a7749bdd8f49c818408926fd9f523","status":"skipped","time":{"start":1761013674936,"stop":1761013720240,"duration":45304},"flaky":false,"newFailed":false,"newPassed":false,"newBroken":false,"retriesCount":0,"retriesStatusChange":false,"parameters":[],"tags":[]},{"name":"test_bluetooth_quick_multi_device","uid":"ee98b31e64ea768","parentUid":"199a7749bdd8f49c818408926fd9f523","status":"passed","time":{"start":1761013572947,"stop":1761013601617,"duration":28670},"flaky":false,"newFailed":false,"newPassed":false,"newBroken":false,"retriesCount":0,"retriesStatusChange":false,"parameters":[],"tags":[]},{"name":"test_device_pairing_multi_device","uid":"2720614c1bde27df","parentUid":"199a7749bdd8f49c818408926fd9f523","status":"skipped","time":{"start":1761013627315,"stop":1761013649712,"duration":22397},"flaky":false,"newFailed":false,"newPassed":false,"newBroken":false,"retriesCount":0,"retriesStatusChange":false,"parameters":[],"tags":["pairing_test"]},{"name":"test_bluetooth_stability","uid":"9d61daa8576bc878","parentUid":"199a7749bdd8f49c818408926fd9f523","status":"skipped","time":{"start":1761013537865,"stop":1761013550430,"duration":12565},"flaky":false,"newFailed":false,"newPassed":false,"newBroken":false,"retriesCount":0,"retriesStatusChange":false,"parameters":[],"tags":["bluetooth_test"]}],"uid":"199a7749bdd8f49c818408926fd9f523"}],"uid":"0ad24200c8c5d956bf05e659fef56b79"}]}