[{"uid":"7756b1e159c15855","name":"test_bluetooth_quick_multi_device","time":{"start":1761014942976,"stop":1761014983050,"duration":40074},"status":"passed","severity":"normal"},{"uid":"18ea875fa60b9f77","name":"test_device_pairing_multi_device","time":{"start":1761015008383,"stop":1761015051927,"duration":43544},"status":"broken","severity":"normal"},{"uid":"478fdc35633d448b","name":"test_quick_pairing_multi_device","time":{"start":1761015078963,"stop":1761015165977,"duration":87014},"status":"failed","severity":"normal"},{"uid":"dcafcca3a97f938d","name":"test_bluetooth_stability","time":{"start":1761014894902,"stop":1761014919446,"duration":24544},"status":"passed","severity":"normal"}]