{"uid":"ab17fc5a4eb3bca4b216b548c7f9fcbc","name":"timeline","children":[{"name":"DESKTOP-TFDMFFN","children":[{"name":"20864-MainThread","children":[{"name":"test_bluetooth_stability","uid":"4eb721aca2a3526f","parentUid":"61bb974a3aeadd00e1f9427bcd88c426","status":"passed","time":{"start":1761872001824,"stop":1761872029305,"duration":27481},"flaky":false,"newFailed":false,"newPassed":false,"newBroken":false,"retriesCount":0,"retriesStatusChange":false,"parameters":[],"tags":["bluetooth_test"]}],"uid":"61bb974a3aeadd00e1f9427bcd88c426"},{"name":"39988-MainThread","children":[{"name":"test_bluetooth_stability","uid":"1548c01501b6711c","parentUid":"349bf43c99d67e7a7577f1589d4261af","status":"passed","time":{"start":1761872628396,"stop":1761872655727,"duration":27331},"flaky":false,"newFailed":false,"newPassed":false,"newBroken":false,"retriesCount":1,"retriesStatusChange":false,"parameters":[],"tags":["bluetooth_test"]}],"uid":"349bf43c99d67e7a7577f1589d4261af"}],"uid":"0ad24200c8c5d956bf05e659fef56b79"}]}