{"uid":"98d3104e051c652961429bf95fa0b5d6","name":"suites","children":[{"name":"ai_mate_tests.testsplan","children":[{"name":"test_open_bluetooth","children":[{"name":"test_bluetooth_stability","uid":"1548c01501b6711c","parentUid":"369727501135ec60f608341417239588","status":"passed","time":{"start":1761872628396,"stop":1761872655727,"duration":27331},"flaky":false,"newFailed":false,"newPassed":false,"newBroken":false,"retriesCount":1,"retriesStatusChange":false,"parameters":[],"tags":["bluetooth_test"]}],"uid":"369727501135ec60f608341417239588"}],"uid":"a19719d157d2dbf41a4a7036fecbd132"}]}