{"uid":"83edc06c07f9ae9e47eb6dd1b683e4e2","name":"packages","children":[{"name":"ai_mate_tests.testsplan.test_open_bluetooth","children":[{"name":"test_bluetooth_stability","uid":"1548c01501b6711c","parentUid":"d7651d62bf8e068d4833281de44b6fa1","status":"passed","time":{"start":1761872628396,"stop":1761872655727,"duration":27331},"flaky":false,"newFailed":false,"newPassed":false,"newBroken":false,"retriesCount":1,"retriesStatusChange":false,"parameters":[],"tags":["bluetooth_test"]}],"uid":"ai_mate_tests.testsplan.test_open_bluetooth"}]}